0,98,19,58,55,32,26,74,52,37,71,94,58,80,40,42,2,31,80,77,76,40,96,53,45,15,13,10,49,41,11,44,45,15,65,46,65,62,71,64,46,21,17,19,69,32,94,31,80,18,70,31,54,91,7,53,21,5,61,32,23,60,92,76,3,75,51,61,69,64,64,37,7,96,10,79,98,68,95,48,73,5,8,15,15,91,5,75,48,71,73,31,5,40,5,30,92,8,49,26,57,86,94,99,11,7,88,63,53,81,43,33,68,72,33,1,91,93,4,67,90,28,52,53,74,93,23,42,19,38,24,51,64,70,91,56,37,81,27,87,84,24,17,1,48,65,24,8,46,37
98,0,26,59,88,83,91,64,48,99,41,59,26,77,77,76,44,87,81,45,24,43,52,46,86,27,39,45,66,65,72,96,19,41,53,19,29,71,7,67,37,16,20,62,43,10,57,38,75,29,34,40,86,39,5,19,6,69,1,50,2,32,37,90,70,3,18,33,75,47,4,91,74,48,56,63,67,16,53,52,82,34,83,47,46,18,55,4,89,7,92,82,29,28,19,56,24,61,97,94,60,78,5,50,85,39,98,67,42,63,68,85,80,2,57,59,54,19,51,51,48,70,25,54,69,90,81,40,26,71,65,17,26,5,49,26,58,69,79,1,74,45,9,26,78,16,63,73,48,27
19,26,0,55,31,88,90,35,27,70,28,76,31,63,35,28,40,36,54,87,72,83,36,16,11,12,86,85,25,41,52,9,33,31,4,97,8,24,57,78,89,22,24,29,26,44,65,44,84,31,29,38,66,26,83,54,76,94,70,27,29,69,4,50,3,34,82,81,13,78,66,43,14,35,68,74,80,59,6,90,99,44,63,62,11,48,96,14,38,84,13,35,7,30,36,51,92,27,99,96,96,59,70,35,40,50,21,55,13,18,73,90,65,47,94,85,68,98,58,97,35,61,94,40,16,31,34,85,87,29,78,32,87,74,99,86,34,14,9,28,86,75,25,92,25,92,83,53,99,81
58,59,55,0,32,25,27,36,20,86,95,7,2,95,53,80,33,95,36,61,7,43,36,46,48,83,94,93,78,25,68,22,1,82,65,88,77,34,9,55,80,88,81,12,19,62,47,79,46,85,92,72,70,90,78,91,55,39,60,27,41,73,55,34,99,36,9,89,37,30,37,73,55,12,46,2,42,90,8,12,76,34,39,81,43,30,52,15,14,52,80,14,37,71,5,42,21,85,89,99,49,66,31,14,88,95,88,47,36,28,41,96,31,72,59,81,62,17,61,58,1,3,57,25,19,29,27,59,53,11,91,47,25,14,73,88,70,35,23,26,23,23,74,63,14,21,45,43,80,4
55,88,31,32,0,89,72,93,31,10,78,5,31,72,74,33,27,66,4,43,69,69,72,98,72,42,73,40,17,31,18,17,78,61,19,25,92,97,45,55,20,68,95,19,59,59,46,69,40,23,42,53,77,1,98,91,12,29,12,90,10,65,54,88,86,26,13,83,98,23,7,29,15,40,43,48,79,75,29,37,97,38,72,62,69,17,66,19,73,4,60,33,40,46,14,29,96,38,41,78,33,63,14,85,43,47,85,8,15,21,73,79,22,96,21,68,73,44,28,82,5,47,20,26,58,49,30,11,88,12,73,9,18,35,89,2,82,84,35,34,64,43,46,12,76,41,25,75,86,89
32,83,88,25,89,0,41,37,74,68,86,74,77,7,33,48,52,72,86,40,9,2,77,26,27,3,35,82,99,9,83,20,84,54,68,22,4,94,94,17,23,62,91,36,54,64,37,28,50,49,27,4,51,10,74,11,8,58,33,57,2,29,60,1,40,74,44,68,86,2,22,8,42,83,98,94,7,14,36,39,72,23,56,22,84,18,35,12,31,17,40,13,5,87,69,59,1,80,60,31,14,84,77,53,58,73,23,51,15,78,83,24,40,65,91,33,54,89,7,78,67,40,84,78,22,14,51,73,8,28,73,2,44,22,86,27,40,3,55,60,82,62,96,73,9,16,16,14,81,99
26,91,90,27,72,41,0,1,4,47,49,33,78,39,22,63,64,84,52,33,79,15,16,88,36,25,27,6,16,76,69,76,53,64,43,47,98,54,86,43,37,65,12,59,47,99,3,64,49,98,55,71,51,93,95,63,14,50,65,18,36,87,14,10,91,16,88,22,86,45,21,81,51,24,70,76,31,87,31,18,28,56,71,9,68,77,20,2,20,73,79,40,6,12,22,32,40,42,19,40,2,49,60,54,8,58,66,17,48,63,27,1,63,90,70,4,82,92,28,19,22,19,16,39,7,37,74,71,84,51,75,99,58,99,95,29,17,81,18,80,17,64,71,79,9,95,47,97,57,49
74,64,35,36,93,37,1,0,76,84,16,75,13,40,24,91,50,10,51,74,46,53,23,33,23,37,8,74,8,38,95,39,36,16,10,76,8,77,96,3,75,34,2,90,64,26,14,55,40,41,83,88,79,85,56,83,92,83,52,33,75,33,79,90,7,69,25,9,38,3,51,80,30,85,60,55,8,64,79,40,34,66,48,68,89,54,39,24,17,17,71,98,28,69,92,86,8,83,77,25,43,61,79,38,72,69,83,37,31,91,7,73,98,20,80,52,40,39,30,32,47,14,13,91,63,62,37,66,73,20,11,57,35,50,12,8,54,32,69,21,98,25,41,3,76,63,41,50,36,50
52,48,27,20,31,74,4,76,0,94,36,42,84,59,98,75,91,27,89,34,27,79,89,59,58,80,52,46,51,37,97,26,67,52,52,37,13,32,46,96,98,30,46,32,32,16,41,96,1,26,71,44,97,1,40,73,78,80,67,48,88,35,89,68,23,40,95,74,96,51,54,70,43,13,8,91,55,89,6,34,87,77,41,11,40,2,23,33,37,12,82,29,69,41,4,96,58,65,47,60,31,49,41,42,83,54,56,80,56,37,50,88,16,88,90,2,31,56,67,80,16,33,43,87,4,65,16,67,62,4,20,36,85,17,67,4,51,18,44,76,87,25,60,89,79,19,3,43,4,8
37,99,70,86,10,68,47,84,94,0,90,61,32,74,8,48,64,83,87,8,27,33,42,42,17,23,51,93,13,91,10,64,66,18,21,43,84,21,82,87,75,43,34,40,23,39,12,24,1,82,99,27,5,1,55,2,79,69,26,7,74,3,27,6,54,5,59,84,47,7,18,18,47,59,72,58,46,82,95,36,35,64,73,46,47,7,26,84,72,47,78,96,69,99,63,85,62,71,74,81,84,82,86,3,84,72,52,7,7,76,88,74,98,58,21,7,7,11,91,64,88,91,86,62,38,59,72,11,41,78,8,18,83,25,6,27,73,2,89,26,45,67,33,58,22,39,16,44,69,55
71,41,28,95,78,86,49,16,36,90,0,56,30,45,1,70,23,50,54,85,4,23,1,66,25,55,17,27,81,38,22,91,46,15,37,6,47,6,85,68,96,1,30,17,11,28,43,31,22,19,46,71,81,6,9,94,74,44,89,88,81,34,9,71,96,98,94,93,56,45,87,82,61,62,43,8,41,71,16,15,38,37,73,89,40,94,54,56,23,73,58,91,46,41,11,28,60,18,82,81,46,21,20,76,7,38,44,15,72,81,71,80,31,37,54,30,33,26,71,35,45,81,14,45,6,12,72,34,52,86,1,49,74,49,65,59,56,76,82,78,23,38,45,32,88,62,68,40,1,54
94,59,76,7,5,74,33,75,42,61,56,0,76,3,79,67,95,82,30,56,93,52,61,98,77,93,26,25,7,60,74,69,72,69,83,24,74,43,64,40,79,27,96,12,24,65,70,86,75,72,32,49,34,96,86,53,31,61,47,74,69,80,15,59,19,99,4,11,70,28,99,14,64,97,75,22,15,97,56,73,38,89,57,94,80,23,35,23,6,14,75,40,13,49,53,99,16,45,16,89,99,43,19,70,95,69,89,40,38,97,85,55,45,36,73,60,60,67,84,9,87,55,5,55,82,52,46,21,48,78,31,98,65,59,20,93,1,91,27,33,21,70,36,45,34,67,66,2,9,92
58,26,31,2,31,77,78,13,84,32,30,76,0,40,29,16,17,5,18,69,62,1,17,24,73,92,69,64,79,65,63,69,66,99,88,4,66,89,70,35,67,81,66,3,1,12,85,14,99,33,91,86,34,1,8,60,8,31,39,45,93,36,11,60,61,55,11,45,5,9,20,74,41,90,33,38,76,38,43,81,84,75,42,12,32,2,23,91,1,72,82,72,51,8,73,18,95,41,33,49,98,80,11,84,51,50,50,31,24,56,95,72,29,78,84,55,48,20,75,96,46,51,23,88,35,60,94,23,55,7,21,2,91,33,93,53,82,77,7,50,19,10,72,26,6,69,70,81,93,2
80,77,63,95,72,7,39,40,59,74,45,3,40,0,96,31,74,11,90,10,86,1,53,12,95,36,95,37,89,90,66,56,3,86,96,5,43,62,99,14,18,89,39,18,38,94,86,54,46,46,38,85,77,27,58,38,67,4,6,41,94,40,81,2,1,55,95,51,89,77,53,34,13,94,5,13,93,86,33,85,90,14,17,17,74,56,34,6,94,87,91,74,25,46,62,6,76,98,59,51,15,79,93,41,27,54,46,49,2,69,5,48,98,81,87,34,44,50,18,99,77,41,90,41,84,88,4,10,28,69,74,98,16,12,40,18,24,96,59,47,51,94,50,67,68,41,92,47,14,50
40,77,35,53,74,33,22,24,98,8,1,79,29,96,0,77,77,18,42,79,11,91,27,60,14,91,39,41,40,51,81,42,54,39,68,66,42,6,64,46,38,73,84,58,56,28,20,92,42,51,5,22,56,10,18,41,28,95,59,36,71,33,2,47,75,81,18,27,35,27,78,4,29,10,54,81,17,36,50,51,52,99,7,12,56,61,50,63,65,7,38,28,25,34,68,63,26,60,16,14,50,18,17,43,27,90,68,37,95,67,63,39,95,1,94,76,58,14,45,44,4,69,88,65,92,55,11,52,99,30,28,53,99,37,23,35,20,3,70,69,5,65,42,72,68,33,66,84,49,68
42,76,28,80,33,48,63,91,75,48,70,67,16,31,77,0,78,85,57,19,85,48,67,93,33,69,6,95,17,57,5,79,61,37,97,25,44,2,44,34,83,57,95,83,97,81,72,59,69,36,4,25,48,80,5,41,31,7,38,4,78,51,85,8,55,77,98,30,94,36,38,6,20,30,57,23,31,3,74,88,27,2,79,89,7,68,15,59,67,92,26,13,46,48,59,29,38,1,11,12,56,93,24,54,87,91,49,65,5,34,10,14,25,46,4,75,79,16,59,40,59,88,88,25,71,31,87,86,97,24,90,51,41,94,16,55,50,68,43,94,69,73,36,13,57,23,14,86,60,4
2,44,40,33,27,52,64,50,91,64,23,95,17,74,77,78,0,47,17,10,93,53,53,40,39,49,98,76,70,5,34,45,24,48,36,21,86,35,49,67,74,53,43,70,69,44,56,29,44,58,50,61,7,22,29,6,85,34,6,45,95,45,89,78,51,87,14,27,86,35,75,75,44,90,16,37,44,27,55,93,3,82,11,98,96,69,93,93,95,8,94,93,67,75,35,32,97,60,68,92,43,2,67,91,37,42,41,32,33,75,91,18,24,7,66,74,40,6,95,67,23,66,97,13,47,70,94,23,11,86,1,67,98,50,27,86,75,52,33,52,13,65,87,43,20,85,76,7,4,57
31,87,36,95,66,72,84,10,27,83,50,82,5,11,18,85,47,0,86,74,77,20,13,94,75,8,8,56,27,68,88,1,72,8,29,96,55,49,45,96,97,54,86,53,12,1,32,10,93,1,88,93,26,56,63,84,4,81,66,63,39,90,7,68,94,76,8,58,57,69,29,50,38,12,56,31,80,34,52,7,2,36,82,87,77,99,57,77,34,54,99,49,31,50,62,38,24,53,30,1,13,8,62,23,84,56,94,77,98,93,99,22,74,9,81,71,45,82,99,10,43,57,91,73,80,50,43,60,97,17,25,44,84,51,91,44,41,59,72,42,95,86,36,2,53,95,78,14,41,67
80,81,54,36,4,86,52,51,89,87,54,30,18,90,42,57,17,86,0,28,42,9,92,70,34,15,67,42,43,25,51,83,8,24,92,81,73,72,56,54,21,19,99,59,65,17,63,7,72,76,44,19,32,78,6,28,72,49,14,84,26,48,62,89,75,34,50,93,22,88,19,54,65,9,9,48,12,57,13,50,6,87,69,39,52,72,90,33,55,68,43,25,85,93,88,72,39,27,74,50,47,38,36,57,15,47,80,93,50,34,52,96,83,19,20,32,20,87,97,19,6,74,1,45,11,67,23,95,81,72,94,84,16,28,91,44,34,7,47,76,75,82,57,16,29,92,34,98,32,92
77,45,87,61,43,40,33,74,34,8,85,56,69,10,79,19,10,74,28,0,20,46,98,44,62,89,1,74,77,91,75,81,37,10,61,96,70,60,60,79,34,1,81,58,78,4,76,83,89,32,81,46,1,75,42,80,36,96,33,14,46,44,27,66,36,90,10,60,73,41,92,63,71,20,29,20,31,52,51,43,15,1,31,92,25,99,58,29,63,59,73,95,77,54,97,26,49,76,92,86,77,84,31,90,95,85,45,54,53,29,70,22,96,69,26,81,55,14,92,93,12,54,94,12,73,63,12,74,78,58,91,64,55,56,80,6,57,89,63,6,32,91,41,39,39,89,16,62,73,88
76,24,72,7,69,9,79,46,27,27,4,93,62,86,11,85,93,77,42,20,0,87,89,47,7,93,54,9,32,57,19,70,74,21,31,62,34,66,84,57,88,13,85,39,75,53,34,79,52,12,54,6,78,92,1,17,84,18,38,75,99,16,16,59,44,28,6,83,3,99,18,31,44,45,69,36,31,99,45,13,27,80,91,62,84,89,74,66,31,49,60,18,68,33,96,52,95,69,94,27,29,35,39,22,16,57,85,16,60,65,6,23,27,48,48,78,28,24,85,36,98,99,59,29,11,38,55,92,80,3,71,85,57,85,60,34,95,87,37,62,56,42,17,13,64,44,29,97,60,58
40,43,83,43,69,2,15,53,79,33,23,52,1,1,91,48,53,20,9,46,87,0,46,57,17,3,92,94,17,47,65,58,49,17,29,57,22,67,70,49,14,34,76,93,39,73,52,96,11,50,94,65,23,58,56,67,61,87,18,16,85,66,48,76,91,9,64,34,48,87,73,38,87,19,34,21,82,46,99,86,97,49,24,56,20,17,47,35,81,40,41,41,87,45,4,26,71,13,10,25,25,36,90,12,53,72,95,60,53,10,73,95,54,35,7,35,39,34,47,4,29,69,42,91,27,37,50,63,3,7,78,77,61,91,68,59,80,81,22,99,38,36,93,61,29,23,13,98,84,18
96,52,36,36,72,77,16,23,89,42,1,61,17,53,27,67,53,13,92,98,89,46,0,85,21,71,3,13,16,85,36,52,56,21,78,88,40,44,92,12,46,78,90,78,8,90,43,76,63,78,47,22,23,42,42,70,23,64,53,42,55,57,83,16,71,28,6,57,76,47,13,53,93,28,36,85,14,87,66,13,73,73,77,66,17,43,65,26,8,90,17,5,8,88,28,54,18,44,9,9,5,64,59,28,31,16,23,79,39,60,99,4,2,57,94,94,51,84,98,62,2,10,12,27,76,25,30,95,43,82,79,27,29,54,1,32,42,43,75,27,98,53,2,44,52,11,54,19,76,22
53,46,16,46,98,26,88,33,59,42,66,98,24,12,60,93,40,94,70,44,47,57,85,0,60,99,24,29,63,63,40,99,42,97,86,40,84,39,45,75,51,46,55,82,20,79,78,66,96,91,77,39,75,66,64,29,71,37,19,71,53,61,14,3,43,83,1,94,83,9,17,9,13,86,36,75,56,49,35,57,10,47,80,33,25,39,85,4,51,52,42,5,81,13,77,13,72,62,72,92,48,49,43,43,12,45,90,20,26,85,14,94,87,15,26,57,14,42,27,10,5,51,71,2,69,85,21,69,14,89,87,81,80,18,57,97,14,35,65,2,92,13,99,45,18,34,6,27,3,78
45,86,11,48,72,27,36,23,58,17,25,77,73,95,14,33,39,75,34,62,7,17,21,60,0,22,9,54,9,79,90,30,11,31,40,18,43,22,34,39,9,5,48,91,33,37,84,80,14,40,23,84,27,12,65,25,86,69,93,31,80,17,99,91,62,84,28,96,30,84,47,95,64,58,92,26,76,15,47,67,89,64,43,27,62,48,54,94,30,75,39,81,82,71,63,91,75,57,84,98,62,4,68,16,51,94,52,68,13,55,10,52,38,65,39,11,84,25,23,32,63,91,26,38,42,19,12,18,48,82,28,36,69,82,64,54,13,11,42,94,29,50,18,45,64,30,53,32,97,83
15,27,12,83,42,3,25,37,80,23,55,93,92,36,91,69,49,8,15,89,93,3,71,99,22,0,32,4,77,20,71,72,56,78,8,17,89,26,23,76,29,62,95,32,39,38,60,82,71,73,40,40,3,32,35,55,73,4,16,97,58,59,51,21,6,18,41,19,99,77,52,42,26,72,11,46,60,48,46,76,43,63,60,29,22,89,32,53,18,8,77,93,23,69,82,95,61,29,70,60,34,82,28,22,34,34,5,75,89,22,63,43,74,34,49,60,73,67,39,98,58,36,88,86,81,5,37,60,56,13,76,91,1,23,86,12,73,19,76,17,84,39,85,51,75,5,57,41,9,78
13,39,86,94,73,35,27,8,52,51,17,26,69,95,39,6,98,8,67,1,54,92,3,24,9,32,0,24,62,24,87,28,32,69,95,71,56,7,31,53,38,96,7,32,62,10,99,68,18,67,34,68,94,95,90,12,26,47,84,48,63,81,1,80,36,26,12,81,76,48,37,25,52,98,31,93,94,11,37,4,22,52,20,28,89,22,78,18,5,54,83,83,85,96,79,34,60,69,5,7,16,2,72,86,30,72,54,11,16,91,91,25,15,57,56,61,76,47,3,63,9,32,34,46,61,4,25,12,89,9,66,32,10,24,4,26,96,49,7,63,63,47,7,75,86,29,72,79,29,90
10,45,85,93,40,82,6,74,46,93,27,25,64,37,41,95,76,56,42,74,9,94,13,29,54,4,24,0,74,8,31,24,58,47,66,72,54,11,93,67,88,78,71,76,41,43,82,30,82,40,62,40,47,33,53,21,52,40,97,66,88,96,28,85,39,95,63,96,54,76,60,12,77,78,26,65,70,85,93,44,75,46,62,85,34,15,30,16,55,81,1,60,70,50,60,41,84,86,16,9,91,33,93,19,68,22,41,65,30,2,93,93,4,99,43,92,51,32,1,78,21,23,67,52,72,35,40,85,49,14,68,19,36,26,91,30,27,17,20,94,73,81,87,94,63,37,97,77,99,38
49,66,25,78,17,99,16,8,51,13,81,7,79,89,40,17,70,27,43,77,32,17,16,63,9,77,62,74,0,70,52,17,52,55,21,52,58,7,96,11,83,30,20,77,73,7,87,96,3,36,70,29,39,14,69,50,2,18,15,88,70,86,52,53,17,2,62,27,93,79,50,59,72,99,67,43,89,57,65,88,19,11,56,93,36,42,88,12,27,9,93,97,63,98,67,29,68,34,86,86,77,1,59,67,22,43,13,6,47,8,26,61,78,19,28,42,54,7,22,93,13,87,17,46,12,94,37,15,45,91,4,59,72,11,93,95,31,72,94,84,94,46,87,77,68,99,66,89,74,24
41,65,41,25,31,9,76,38,37,91,38,60,65,90,51,57,5,68,25,91,57,47,85,63,79,20,24,8,70,0,49,28,9,86,7,1,73,31,13,39,65,88,47,57,82,2,55,76,58,41,4,51,84,3,53,45,41,48,23,85,42,70,91,2,95,53,73,36,64,56,38,23,75,15,50,13,14,23,87,82,15,84,93,41,5,29,88,54,73,48,2,80,95,91,35,99,53,69,85,80,55,28,11,36,95,72,42,68,14,10,75,30,36,90,85,45,96,43,6,58,87,88,7,98,5,71,69,75,22,2,32,44,14,98,37,31,27,45,18,49,19,76,78,15,81,19,44,11,12,19
11,72,52,68,18,83,69,95,97,10,22,74,63,66,81,5,34,88,51,75,19,65,36,40,90,71,87,31,52,49,0,54,45,69,60,74,99,14,46,30,52,28,11,8,25,74,81,91,3,55,49,43,97,58,78,7,88,66,52,32,12,15,20,13,57,67,58,23,48,13,15,62,60,16,42,73,87,15,90,50,50,7,68,96,91,9,8,1,1,71,13,35,49,68,27,44,45,18,77,16,9,46,41,59,44,76,3,63,11,82,89,64,82,31,36,15,7,19,46,2,80,72,85,28,58,39,2,21,49,51,14,88,23,39,17,27,57,3,23,66,56,4,15,55,62,69,2,93,51,32
44,96,9,22,17,20,76,39,26,64,91,69,69,56,42,79,45,1,83,81,70,58,52,99,30,72,28,24,17,28,54,0,34,69,18,12,48,90,14,16,31,50,74,2,14,26,17,70,33,3,39,65,85,87,47,83,90,83,90,58,48,89,31,13,62,20,34,74,15,76,79,12,90,72,74,80,25,48,36,95,41,15,47,48,89,83,80,77,32,19,10,47,96,90,98,12,81,72,38,15,74,78,60,19,55,2,47,94,37,24,57,6,46,37,6,86,64,3,68,99,85,73,42,90,63,51,74,81,4,2,88,76,82,22,53,63,79,14,97,60,40,44,20,43,72,79,72,73,17,18
45,19,33,1,78,84,53,36,67,66,46,72,66,3,54,61,24,72,8,37,74,49,56,42,11,56,32,58,52,9,45,34,0,62,83,46,48,39,14,19,47,72,59,69,98,75,22,81,23,32,98,97,38,64,47,93,13,55,98,76,26,91,19,26,99,16,32,37,1,91,3,8,61,46,89,12,66,67,48,17,46,59,87,56,74,52,88,52,13,79,68,3,29,32,46,38,89,38,82,80,78,73,96,24,27,1,20,54,2,62,20,46,57,91,15,59,51,82,45,67,21,41,95,70,29,72,45,66,46,80,47,54,65,45,61,78,50,37,35,2,22,79,40,4,4,53,81,93,6,94
15,41,31,82,61,54,64,16,52,18,15,69,99,86,39,37,48,8,24,10,21,17,21,97,31,78,69,47,55,86,69,69,62,0,7,56,86,49,80,56,52,51,87,25,65,96,5,70,5,21,65,15,57,90,15,2,36,70,4,22,43,24,85,23,37,83,6,1,3,51,26,59,39,5,33,90,96,53,24,55,67,66,70,77,39,77,92,85,71,90,93,30,22,26,90,77,56,17,63,26,44,98,2,75,35,93,93,61,15,25,51,84,3,6,63,89,49,83,93,12,17,19,89,10,76,26,80,32,41,9,48,67,34,62,30,27,19,61,23,33,77,95,48,93,54,28,10,84,65,73
65,53,4,65,19,68,43,10,52,21,37,83,88,96,68,97,36,29,92,61,31,29,78,86,40,8,95,66,21,7,60,18,83,7,0,53,16,14,89,35,27,33,10,70,32,77,76,52,80,35,5,9,52,76,85,25,82,72,89,6,46,66,21,46,60,60,29,3,77,11,95,68,25,86,88,51,46,94,18,96,75,82,53,78,92,54,17,16,11,48,41,55,47,98,92,67,79,51,56,4,60,5,64,1,38,81,39,58,70,50,54,50,48,71,60,2,84,37,51,82,64,96,41,24,67,5,75,50,41,53,29,31,72,7,42,11,57,76,95,21,52,57,32,32,35,44,37,10,21,20
46,19,97,88,25,22,47,76,37,43,6,24,4,5,66,25,21,96,81,96,62,57,88,40,18,17,71,72,52,1,74,12,46,56,53,0,42,10,54,23,86,53,94,90,92,27,98,70,5,73,21,68,37,62,25,96,7,65,68,86,71,63,30,57,41,95,54,90,52,48,32,32,67,46,30,22,77,77,97,1,68,49,23,11,32,90,50,37,6,7,62,20,23,46,27,40,69,99,56,58,16,61,50,66,42,50,67,56,42,20,48,62,40,15,63,78,13,99,45,63,67,21,32,17,8,84,94,29,21,25,54,21,25,84,81,28,39,6,44,54,74,87,44,70,91,65,32,65,51,75
65,29,8,77,92,4,98,8,13,84,47,74,66,43,42,44,86,55,73,70,34,22,40,84,43,89,56,54,58,73,99,48,48,86,16,42,0,42,92,91,83,65,31,76,38,72,31,91,90,35,64,4,98,21,85,92,54,14,75,68,89,44,11,58,67,5,77,68,99,88,70,49,36,66,14,93,8,53,56,33,63,74,14,65,2,78,3,41,6,29,4,5,8,54,56,50,41,56,28,23,97,86,9,40,48,52,4,92,49,97,89,37,91,81,47,77,3,17,42,47,35,13,46,86,57,16,44,40,9,46,42,70,92,59,52,89,97,40,9,28,46,51,96,23,28,77,35,44,55,89
62,71,24,34,97,94,54,77,32,21,6,43,89,62,6,2,35,49,72,60,66,67,44,39,22,26,7,11,7,31,14,90,39,49,14,10,42,0,67,79,27,84,73,87,78,37,62,68,59,40,6,69,81,89,28,17,42,35,34,26,17,39,75,89,3,63,24,14,78,75,85,20,5,7,45,80,74,47,97,61,24,71,38,24,56,94,49,77,26,52,67,44,61,12,35,93,48,91,13,69,9,30,39,86,57,57,48,79,16,67,94,10,12,22,1,53,80,9,43,89,69,97,14,50,9,90,57,78,23,24,75,8,68,83,97,64,49,81,17,75,83,26,12,27,73,35,46,18,45,45
71,7,57,9,45,94,86,96,46,82,85,64,70,99,64,44,49,45,56,60,84,70,92,45,34,23,31,93,96,13,46,14,14,80,89,54,92,67,0,16,4,22,78,57,56,74,42,15,16,32,57,25,85,76,50,83,35,15,64,73,94,70,51,44,2,25,68,69,23,97,88,94,45,23,99,86,71,53,1,33,58,99,20,83,6,75,73,47,2,8,36,50,61,16,12,27,38,97,55,59,16,71,8,44,71,31,59,84,47,62,13,1,46,86,73,25,93,53,20,61,80,9,30,6,34,75,22,23,45,22,47,40,19,99,73,87,3,95,64,39,38,31,60,3,97,90,11,4,6,6
64,67,78,55,55,17,43,3,96,87,68,40,35,14,46,34,67,96,54,79,57,49,12,75,39,76,53,67,11,39,30,16,19,56,35,23,91,79,16,0,55,5,63,97,40,58,35,34,5,46,13,82,30,49,61,67,51,24,63,40,96,3,36,93,42,53,35,79,80,2,39,50,73,40,83,25,72,1,71,54,50,28,58,83,3,1,70,43,27,12,11,48,86,69,56,70,76,1,71,65,7,9,37,25,13,91,11,82,62,90,94,68,88,70,47,61,29,98,36,52,50,26,97,52,95,23,14,55,3,67,23,21,82,62,45,37,21,56,32,99,70,93,40,50,62,60,36,2,28,68
46,37,89,80,20,23,37,75,98,75,96,79,67,18,38,83,74,97,21,34,88,14,46,51,9,29,38,88,83,65,52,31,47,52,27,86,83,27,4,55,0,13,54,47,43,30,98,1,22,2,30,83,15,92,6,75,35,93,3,48,57,74,21,31,51,47,24,99,72,31,93,89,37,1,86,77,61,53,7,73,48,80,66,90,70,54,72,92,70,64,61,60,45,29,1,84,57,98,9,95,61,83,53,45,87,13,74,48,85,96,40,14,83,96,17,46,74,46,36,23,95,70,83,21,50,45,52,13,89,16,36,63,29,67,13,27,99,98,67,60,71,45,56,94,68,69,60,66,76,20
21,16,22,88,68,62,65,34,30,43,1,27,81,89,73,57,53,54,19,1,13,34,78,46,5,62,96,78,30,88,28,50,72,51,33,53,65,84,22,5,13,0,72,19,99,44,12,59,99,71,20,85,48,92,95,13,8,96,4,67,77,53,61,67,68,22,39,13,22,57,38,53,15,8,95,24,60,67,18,95,7,18,38,1,96,53,21,77,17,37,10,60,50,86,95,1,90,88,94,88,6,40,81,24,14,16,39,60,37,64,27,95,9,25,78,9,22,29,44,16,32,49,82,84,96,7,94,43,2,92,68,76,81,49,35,16,5,9,91,66,65,36,17,5,48,73,15,45,54,58
17,20,24,81,95,91,12,2,46,34,30,96,66,39,84,95,43,86,99,81,85,76,90,55,48,95,7,71,20,47,11,74,59,87,10,94,31,73,78,63,54,72,0,30,90,47,8,80,32,95,70,37,15,40,16,48,95,92,39,76,12,13,13,73,44,47,52,93,80,87,78,45,76,30,29,67,27,16,63,26,54,11,60,8,58,63,74,9,84,8,50,62,78,65,76,41,33,96,70,95,36,50,76,53,40,74,27,84,80,78,72,5,35,10,95,6,43,44,8,41,47,84,37,18,36,26,65,84,94,31,15,98,61,99,1,43,17,5,93,9,86,52,95,35,59,57,47,72,52,20
19,62,29,12,19,36,59,90,32,40,17,12,3,18,58,83,70,53,59,58,39,93,78,82,91,32,32,76,77,57,8,2,69,25,70,90,76,87,57,97,47,19,30,0,21,96,93,82,92,38,67,45,6,16,80,33,80,56,78,96,64,85,70,19,65,92,26,3,5,64,97,93,38,98,53,32,66,7,33,67,93,4,9,51,39,86,14,12,35,75,23,34,90,83,85,34,36,15,85,75,81,37,90,57,8,81,3,86,8,86,13,94,79,73,64,89,21,93,61,22,21,44,13,86,42,99,28,28,68,61,80,32,70,31,84,14,26,14,21,30,5,26,80,61,54,72,61,76,41,58
69,43,26,19,59,54,47,64,32,23,11,24,1,38,56,97,69,12,65,78,75,39,8,20,33,39,62,41,73,82,25,14,98,65,32,92,38,78,56,40,43,99,90,21,0,96,80,34,33,12,39,91,85,45,64,14,63,21,85,71,63,60,88,97,76,65,88,83,43,78,56,1,35,7,22,88,45,84,68,13,54,66,58,57,1,88,10,22,34,15,48,16,85,59,21,87,20,9,40,13,92,86,20,39,82,31,92,53,12,45,64,14,46,46,93,30,4,96,83,51,5,36,91,60,88,6,23,95,78,67,38,17,42,41,69,24,33,4,36,24,22,23,9,51,66,81,7,97,73,71
32,10,44,62,59,64,99,26,16,39,28,65,12,94,28,81,44,1,17,4,53,73,90,79,37,38,10,43,7,2,74,26,75,96,77,27,72,37,74,58,30,44,47,96,96,0,69,22,97,19,59,36,71,19,25,9,68,96,91,17,48,70,36,71,13,99,70,4,25,72,42,26,88,18,10,95,71,43,23,37,96,28,5,51,20,37,35,32,40,56,32,78,23,58,92,64,50,36,33,29,74,51,10,45,28,73,31,69,73,18,59,75,51,41,63,63,65,94,23,68,17,79,62,43,37,87,19,12,25,52,40,85,52,92,98,2,75,3,95,11,60,34,34,44,12,2,80,79,57,35
94,57,65,47,46,37,3,14,41,12,43,70,85,86,20,72,56,32,63,76,34,52,43,78,84,60,99,82,87,55,81,17,22,5,76,98,31,62,42,35,98,12,8,93,80,69,0,49,53,71,67,29,76,67,67,40,35,67,74,7,91,82,91,36,81,37,79,58,59,65,36,95,63,33,72,24,89,10,35,72,70,93,1,90,95,69,5,93,18,34,12,23,27,36,79,36,57,77,82,21,7,55,75,67,45,50,49,15,35,86,35,59,30,37,48,37,18,46,42,45,31,44,40,10,42,20,6,21,87,31,50,85,25,36,54,43,14,48,37,25,16,70,4,47,92,70,78,14,69,47
31,38,44,79,69,28,64,55,96,24,31,86,14,54,92,59,29,10,7,83,79,96,76,66,80,82,68,30,96,76,91,70,81,70,52,70,91,68,15,34,1,59,80,82,34,22,49,0,84,76,32,50,57,65,74,87,81,46,87,88,88,48,4,79,62,50,58,27,15,68,79,7,55,24,56,31,32,11,1,62,6,53,92,9,43,18,88,57,95,59,81,53,11,55,60,69,50,68,20,7,57,53,26,11,8,32,34,83,61,22,47,51,75,86,58,53,65,38,95,64,94,94,10,82,66,96,32,82,12,76,48,41,89,8,95,99,42,80,23,7,80,19,52,75,28,93,87,53,27,93
80,75,84,46,40,50,49,40,1,1,22,75,99,46,42,69,44,93,72,89,52,11,63,96,14,71,18,82,3,58,3,33,23,5,80,5,90,59,16,5,22,99,32,92,33,97,53,84,0,8,70,99,77,20,49,9,28,65,18,24,32,28,63,5,99,54,6,9,17,36,48,10,21,60,49,37,95,6,72,59,84,46,49,9,60,10,30,13,91,14,58,22,63,47,93,1,26,52,83,34,47,27,4,34,34,89,37,73,39,7,7,99,16,67,60,49,87,82,42,27,86,65,79,58,96,12,88,39,83,37,64,69,30,55,73,7,57,7,32,21,58,10,56,5,29,79,82,25,52,74
18,29,31,85,23,49,98,41,26,82,19,72,33,46,51,36,58,1,76,32,12,50,78,91,40,73,67,40,36,41,55,3,32,21,35,73,35,40,32,46,2,71,95,38,12,19,71,76,8,0,69,27,38,3,23,33,85,84,47,53,63,52,62,16,72,41,56,63,34,93,66,78,9,72,78,3,61,6,10,45,12,70,57,4,50,36,66,27,22,36,14,70,26,50,25,68,2,34,12,4,28,3,52,4,25,47,76,68,54,27,20,16,68,13,87,17,71,38,50,93,41,77,75,85,73,13,10,92,61,90,74,91,27,9,27,11,61,97,41,95,67,42,23,97,68,9,80,96,36,71
70,34,29,92,42,27,55,83,71,99,46,32,91,38,5,4,50,88,44,81,54,94,47,77,23,40,34,62,70,4,49,39,98,65,5,21,64,6,57,13,30,20,70,67,39,59,67,32,70,69,0,17,42,65,81,71,4,83,60,42,41,42,35,84,83,2,38,17,67,79,70,4,51,15,90,83,43,31,85,90,76,16,78,13,12,2,31,13,57,84,63,4,29,7,45,71,50,98,13,31,77,18,55,74,39,42,70,29,31,71,95,28,85,77,66,36,46,8,34,92,14,42,40,24,35,56,4,63,68,87,4,72,63,79,6,34,40,71,15,76,6,65,2,87,98,88,98,27,48,41
31,40,38,72,53,4,71,88,44,27,71,49,86,85,22,25,61,93,19,46,6,65,22,39,84,40,68,40,29,51,43,65,97,15,9,68,4,69,25,82,83,85,37,45,91,36,29,50,99,27,17,0,13,87,19,10,55,91,98,5,1,5,85,2,46,77,93,78,34,63,44,7,62,33,64,17,73,26,50,37,72,36,41,73,35,66,68,59,64,57,41,74,4,38,3,50,25,81,72,74,35,77,9,27,46,45,21,30,95,90,94,63,19,28,13,4,25,76,96,72,98,94,23,49,2,18,30,84,17,45,68,55,82,82,57,70,34,86,46,40,97,12,19,86,76,65,41,84,50,93
54,86,66,70,77,51,51,79,97,5,81,34,34,77,56,48,7,26,32,1,78,23,23,75,27,3,94,47,39,84,97,85,38,57,52,37,98,81,85,30,15,48,15,6,85,71,76,57,77,38,42,13,0,98,17,84,97,54,46,32,15,50,26,86,19,36,76,78,31,38,85,20,1,21,63,21,50,46,41,24,30,36,13,51,99,24,84,82,2,93,65,35,48,72,10,7,20,70,7,35,20,84,18,23,56,23,17,71,76,27,73,11,19,95,19,15,20,34,4,23,95,45,80,55,82,42,23,43,56,23,74,56,56,26,76,71,47,42,3,69,40,37,50,72,97,96,55,93,48,52
91,39,26,90,1,10,93,85,1,1,6,96,1,27,10,80,22,56,78,75,92,58,42,66,12,32,95,33,14,3,58,87,64,90,76,62,21,89,76,49,92,92,40,16,45,19,67,65,20,3,65,87,98,0,83,79,50,49,54,76,66,59,55,44,29,46,12,33,5,88,89,57,11,49,8,80,66,15,6,77,19,73,99,18,13,14,49,34,85,52,83,78,70,80,4,93,62,14,21,74,33,51,91,86,8,38,54,32,39,32,78,29,83,11,86,96,39,17,16,19,41,83,89,43,25,3,48,23,74,20,53,70,21,67,49,10,89,76,11,3,94,27,57,75,90,41,88,6,10,21
7,5,83,78,98,74,95,56,40,55,9,86,8,58,18,5,29,63,6,42,1,56,42,64,65,35,90,53,69,53,78,47,47,15,85,25,85,28,50,61,6,95,16,80,64,25,67,74,49,23,81,19,17,83,0,72,70,73,71,72,85,99,33,90,28,15,74,19,7,50,91,79,40,62,99,97,6,50,96,77,98,12,88,92,90,3,83,95,91,91,10,72,92,21,46,75,41,38,28,60,81,39,61,99,92,84,40,23,65,36,51,40,69,11,37,26,61,24,17,74,9,14,72,26,19,82,73,77,94,76,42,89,77,74,18,43,37,34,29,63,11,87,64,63,98,89,86,63,11,89
53,19,54,91,91,11,63,83,73,2,94,53,60,38,41,41,6,84,28,80,17,67,70,29,25,55,12,21,50,45,7,83,93,2,25,96,92,17,83,67,75,13,48,33,14,9,40,87,9,33,71,10,84,79,72,0,17,64,87,33,24,16,34,8,27,15,64,41,62,31,35,73,98,10,57,3,30,93,55,75,64,13,56,94,28,57,95,22,28,61,87,2,73,31,51,92,51,25,99,20,58,93,5,51,24,30,56,28,55,36,82,34,14,73,10,70,69,69,2,61,70,6,31,71,79,18,1,16,60,62,55,70,60,94,78,98,79,53,8,89,19,39,44,85,81,53,42,16,97,58
21,6,76,55,12,8,14,92,78,79,74,31,8,67,28,31,85,4,72,36,84,61,23,71,86,73,26,52,2,41,88,90,13,36,82,7,54,42,35,51,35,8,95,80,63,68,35,81,28,85,4,55,97,50,70,17,0,35,60,4,71,66,14,89,18,5,94,17,97,58,26,50,10,67,24,37,12,58,38,12,99,92,37,21,33,70,97,2,65,31,66,8,70,12,72,49,69,24,67,61,4,78,83,42,70,14,67,80,44,60,1,30,91,82,69,17,88,90,14,18,38,66,21,87,72,95,8,80,14,77,2,79,70,15,12,78,86,47,36,20,36,8,48,29,82,33,57,84,50,41
5,69,94,39,29,58,50,83,80,69,44,61,31,4,95,7,34,81,49,96,18,87,64,37,69,4,47,40,18,48,66,83,55,70,72,65,14,35,15,24,93,96,92,56,21,96,67,46,65,84,83,91,54,49,73,64,35,0,13,85,37,21,38,65,87,18,18,55,59,54,20,44,73,4,41,89,55,99,50,57,48,17,13,50,41,60,43,62,85,72,74,89,99,17,90,33,68,98,87,82,4,33,7,36,10,69,72,18,49,22,17,62,34,70,1,31,93,86,44,85,91,98,52,59,1,32,71,39,44,40,84,33,39,74,35,51,53,41,59,53,78,85,33,6,24,3,17,4,2,4
61,1,70,60,12,33,65,52,67,26,89,47,39,6,59,38,6,66,14,33,38,18,53,19,93,16,84,97,15,23,52,90,98,4,89,68,75,34,64,63,3,4,39,78,85,91,74,87,18,47,60,98,46,54,71,87,60,13,0,15,22,88,34,53,58,30,24,57,49,98,10,94,51,25,94,23,65,98,73,12,7,44,65,14,18,42,94,11,84,44,86,24,99,26,50,61,98,15,65,23,66,45,36,25,42,88,69,36,32,49,47,14,25,11,95,86,47,45,70,24,53,16,68,88,4,65,58,86,50,11,19,31,41,23,1,14,80,86,86,3,79,21,10,92,2,23,11,21,94,70
32,50,27,27,90,57,18,33,48,7,88,74,45,41,36,4,45,63,84,14,75,16,42,71,31,97,48,66,88,85,32,58,76,22,6,86,68,26,73,40,48,67,76,96,71,17,7,88,24,53,42,5,32,76,72,33,4,85,15,0,54,88,77,44,82,40,32,12,89,51,89,44,48,41,4,23,82,72,85,66,51,59,18,22,12,34,97,75,65,39,69,6,76,23,20,52,27,68,8,2,93,98,61,89,11,18,90,22,15,51,39,52,90,23,66,3,13,28,12,18,50,84,93,10,48,39,66,47,26,90,10,48,47,16,96,35,42,51,75,87,91,95,46,73,81,68,93,94,31,24
23,2,29,41,10,2,36,75,88,74,81,69,93,94,71,78,95,39,26,46,99,85,55,53,80,58,63,88,70,42,12,48,26,43,46,71,89,17,94,96,57,77,12,64,63,48,91,88,32,63,41,1,15,66,85,24,71,37,22,54,0,35,46,34,67,77,66,50,78,71,70,73,67,13,37,70,51,56,17,67,76,90,64,10,61,80,16,42,84,88,79,18,91,38,31,2,25,29,84,80,75,18,96,70,14,9,6,90,82,66,45,6,64,43,97,89,5,88,14,87,83,94,17,87,25,98,22,80,9,16,94,75,87,76,42,75,30,82,96,9,16,97,95,52,35,68,95,14,37,48
60,32,69,73,65,29,87,33,35,3,34,80,36,40,33,51,45,90,48,44,16,66,57,61,17,59,81,96,86,70,15,89,91,24,66,63,44,39,70,3,74,53,13,85,60,70,82,48,28,52,42,5,50,59,99,16,66,21,88,88,35,0,97,1,75,7,12,72,70,6,71,88,10,64,74,11,60,61,59,42,17,50,97,21,68,36,41,19,84,88,42,87,55,81,39,56,47,61,47,81,22,4,41,28,1,40,76,31,70,78,90,1,65,23,81,63,38,49,11,68,9,73,38,56,5,69,89,53,18,42,48,65,80,88,35,28,4,37,38,90,20,93,69,12,65,91,50,35,8,37
92,37,4,55,54,60,14,79,89,27,9,15,11,81,2,85,89,7,62,27,16,48,83,14,99,51,1,28,52,91,20,31,19,85,21,30,11,75,51,36,21,61,13,70,88,36,91,4,63,62,35,85,26,55,33,34,14,38,34,77,46,97,0,12,75,51,42,83,49,67,37,21,4,73,79,50,50,55,94,72,48,42,49,40,16,2,87,31,54,10,76,58,71,7,52,16,80,97,82,53,62,7,28,99,48,29,83,93,10,14,61,46,21,57,54,5,15,73,69,60,80,47,41,66,54,78,67,18,89,94,94,68,48,8,93,79,76,29,76,30,63,86,34,74,63,87,23,94,63,72
76,90,50,34,88,1,10,90,68,6,71,59,60,2,47,8,78,68,89,66,59,76,16,3,91,21,80,85,53,2,13,13,26,23,46,57,58,89,44,93,31,67,73,19,97,71,36,79,5,16,84,2,86,44,90,8,89,65,53,44,34,1,12,0,71,12,46,15,36,94,32,48,97,91,52,28,19,65,92,53,95,99,38,43,66,95,91,61,7,35,91,47,96,1,16,61,97,92,96,38,39,65,68,65,30,32,66,80,87,7,57,71,90,38,53,39,43,41,99,42,8,51,67,63,86,33,87,49,72,76,47,69,63,45,62,61,38,78,8,4,6,46,83,69,38,10,85,20,7,27
3,70,3,99,86,40,91,7,23,54,96,19,61,1,75,55,51,94,75,36,44,91,71,43,62,6,36,39,17,95,57,62,99,37,60,41,67,3,2,42,51,68,44,65,76,13,81,62,99,72,83,46,19,29,28,27,18,87,58,82,67,75,75,71,0,59,7,5,3,29,92,41,41,81,49,68,82,22,93,37,36,72,71,46,96,8,37,42,81,40,42,18,46,74,45,36,80,55,41,33,6,86,50,54,87,21,93,30,20,41,84,24,95,33,48,51,72,30,28,45,85,95,42,30,30,83,68,58,76,34,17,45,18,68,28,70,40,70,81,76,80,5,70,78,75,71,22,58,46,6
75,3,34,36,26,74,16,69,40,5,98,99,55,55,81,77,87,76,34,90,28,9,28,83,84,18,26,95,2,53,67,20,16,83,60,95,5,63,25,53,47,22,47,92,65,99,37,50,54,41,2,77,36,46,15,15,5,18,30,40,77,7,51,12,59,0,24,15,68,65,5,62,61,37,75,66,18,68,97,58,66,58,64,43,15,84,91,87,7,57,80,28,58,63,66,89,3,81,70,25,49,86,55,64,5,81,26,85,6,4,72,39,76,99,98,19,45,70,85,43,54,62,89,71,62,37,4,7,8,97,32,94,56,65,93,86,69,10,78,92,50,70,38,86,4,89,75,50,91,45
51,18,82,9,13,44,88,25,95,59,94,4,11,95,18,98,14,8,50,10,6,64,6,1,28,41,12,63,62,73,58,34,32,6,29,54,77,24,68,35,24,39,52,26,88,70,79,58,6,56,38,93,76,12,74,64,94,18,24,32,66,12,42,46,7,24,0,22,79,36,30,26,98,57,42,26,19,83,11,35,41,10,27,86,52,54,87,15,65,14,36,49,51,11,41,98,1,24,32,72,15,85,68,45,33,38,7,73,7,5,21,10,29,72,9,5,58,92,73,38,69,38,98,47,3,44,65,24,11,15,43,22,95,75,91,54,1,10,76,49,16,71,87,94,75,78,74,16,54,53
61,33,81,89,83,68,22,9,74,84,93,11,45,51,27,30,27,58,93,60,83,34,57,94,96,19,81,96,27,36,23,74,37,1,3,90,68,14,69,79,99,13,93,3,83,4,58,27,9,63,17,78,78,33,19,41,17,55,57,12,50,72,83,15,5,15,22,0,96,61,22,5,33,73,96,40,98,89,98,92,39,70,90,27,25,29,79,16,59,48,7,4,3,15,90,72,52,92,35,61,76,26,46,8,76,87,86,28,37,17,82,68,98,98,57,25,69,9,12,29,4,32,1,63,9,68,35,26,76,81,97,56,58,88,13,59,57,55,15,89,30,16,81,92,58,76,20,19,43,70
69,75,13,37,98,86,86,38,96,47,56,70,5,89,35,94,86,57,22,73,3,48,76,83,30,99,76,54,93,64,48,15,1,3,77,52,99,78,23,80,72,22,80,5,43,25,59,15,17,34,67,34,31,5,7,62,97,59,49,89,78,70,49,36,3,68,79,96,0,46,10,29,49,76,28,1,59,87,5,96,96,38,97,68,19,86,22,29,94,5,83,1,73,72,15,81,5,45,39,27,21,46,71,91,53,52,60,46,21,9,7,48,82,67,17,52,82,68,74,58,43,74,87,27,86,26,52,43,79,29,58,77,83,8,44,56,10,44,90,23,43,1,82,45,10,36,56,76,75,89
64,47,78,30,23,2,45,3,51,7,45,28,9,77,27,36,35,69,88,41,99,87,47,9,84,77,48,76,79,56,13,76,91,51,11,48,88,75,97,2,31,57,87,64,78,72,65,68,36,93,79,63,38,88,50,31,58,54,98,51,71,6,67,94,29,65,36,61,46,0,58,86,21,44,88,9,13,78,59,8,33,9,51,71,94,65,20,93,21,52,48,18,50,7,75,38,26,65,84,24,4,54,28,93,35,40,74,81,55,96,20,73,89,64,74,10,86,35,80,41,49,47,88,28,94,79,61,93,83,94,4,11,63,25,31,49,22,86,33,60,12,1,29,4,46,23,86,67,50,96
64,4,66,37,7,22,21,51,54,18,87,99,20,53,78,38,75,29,19,92,18,73,13,17,47,52,37,60,50,38,15,79,3,26,95,32,70,85,88,39,93,38,78,97,56,42,36,79,48,66,70,44,85,89,91,35,26,20,10,89,70,71,37,32,92,5,30,22,10,58,0,10,94,10,46,63,19,17,77,4,97,4,56,25,30,7,6,13,5,88,36,47,89,20,70,57,88,63,83,58,25,73,9,95,82,88,85,29,12,70,86,20,8,96,28,31,86,34,96,85,57,19,55,33,25,62,62,38,57,16,87,88,42,45,42,83,56,28,28,19,56,1,90,4,87,2,93,9,77,24
37,91,43,73,29,8,81,80,70,18,82,14,74,34,4,6,75,50,54,63,31,38,53,9,95,42,25,12,59,23,62,12,8,59,68,32,49,20,94,50,89,53,45,93,1,26,95,7,10,78,4,7,20,57,79,73,50,44,94,44,73,88,21,48,41,62,26,5,29,86,10,0,50,53,69,93,80,98,81,92,1,60,32,58,33,27,62,18,75,46,22,39,84,66,62,68,71,84,22,3,25,17,40,29,17,65,17,71,46,99,50,22,87,72,64,45,27,52,18,87,56,99,17,36,10,74,64,66,15,38,90,47,57,80,13,16,56,77,59,79,25,26,9,59,96,8,6,12,62,69
7,74,14,55,15,42,51,30,43,47,61,64,41,13,29,20,44,38,65,71,44,87,93,13,64,26,52,77,72,75,60,90,61,39,25,67,36,5,45,73,37,15,76,38,35,88,63,55,21,9,51,62,1,11,40,98,10,73,51,48,67,10,4,97,41,61,98,33,49,21,94,50,0,6,65,94,12,72,83,25,43,71,40,17,60,56,40,3,59,17,6,63,26,3,68,15,51,25,4,80,74,34,75,50,14,39,32,86,2,97,25,34,70,77,89,17,66,6,24,28,80,45,50,20,54,58,83,9,78,5,19,21,63,37,85,15,64,22,25,92,80,97,35,48,30,51,15,24,32,62
96,48,35,12,40,83,24,85,13,59,62,97,90,94,10,30,90,12,9,20,45,19,28,86,58,72,98,78,99,15,16,72,46,5,86,46,66,7,23,40,1,8,30,98,7,18,33,24,60,72,15,33,21,49,62,10,67,4,25,41,13,64,73,91,81,37,57,73,76,44,10,53,6,0,14,37,1,36,90,96,85,14,4,75,33,35,99,57,44,59,1,83,94,88,64,59,29,75,58,58,68,48,16,84,67,65,72,91,98,93,31,21,54,21,58,98,29,79,23,24,9,8,98,13,44,99,17,26,33,35,99,71,50,73,17,98,91,37,24,46,58,18,43,4,33,90,66,82,27,21
10,56,68,46,43,98,70,60,8,72,43,75,33,5,54,57,16,56,9,29,69,34,36,36,92,11,31,26,67,50,42,74,89,33,88,30,14,45,99,83,86,95,29,53,22,10,72,56,49,78,90,64,63,8,99,57,24,41,94,4,37,74,79,52,49,75,42,96,28,88,46,69,65,14,0,81,33,98,77,45,98,19,9,31,10,2,6,78,21,69,51,25,86,17,43,13,89,57,2,42,14,93,29,93,3,17,60,64,61,5,6,7,71,14,79,70,74,30,73,12,43,65,20,70,52,56,75,50,50,90,91,11,86,99,69,85,27,69,53,82,92,16,75,34,54,76,10,45,75,46
79,63,74,2,48,94,76,55,91,58,8,22,38,13,81,23,37,31,48,20,36,21,85,75,26,46,93,65,43,13,73,80,12,90,51,22,93,80,86,25,77,24,67,32,88,95,24,31,37,3,83,17,21,80,97,3,37,89,23,23,70,11,50,28,68,66,26,40,1,9,63,93,94,37,81,0,95,18,55,85,10,39,44,87,22,74,43,20,27,80,64,42,30,30,76,51,78,64,61,97,26,3,79,34,6,7,68,31,99,54,41,30,23,13,85,72,95,38,32,79,57,82,70,37,33,50,56,7,66,66,32,15,88,56,80,1,60,78,53,26,49,40,89,20,53,34,89,39,59,22
98,67,80,42,79,7,31,8,55,46,41,15,76,93,17,31,44,80,12,31,31,82,14,56,76,60,94,70,89,14,87,25,66,96,46,77,8,74,71,72,61,60,27,66,45,71,89,32,95,61,43,73,50,66,6,30,12,55,65,82,51,60,50,19,82,18,19,98,59,13,19,80,12,1,33,95,0,69,47,28,82,57,76,10,69,63,69,57,89,64,33,20,27,73,57,82,15,7,34,50,78,94,13,87,3,41,60,26,32,3,81,74,17,3,90,14,98,39,24,66,96,46,20,17,22,28,93,5,97,8,61,7,21,64,3,91,65,91,63,3,17,8,21,36,30,56,46,9,30,11
68,16,59,90,75,14,87,64,89,82,71,97,38,86,36,3,27,34,57,52,99,46,87,49,15,48,11,85,57,23,15,48,67,53,94,77,53,47,53,1,53,67,16,7,84,43,10,11,6,6,31,26,46,15,50,93,58,99,98,72,56,61,55,65,22,68,83,89,87,78,17,98,72,36,98,18,69,0,74,85,64,20,13,34,49,61,45,15,28,63,69,13,60,27,25,70,86,17,90,61,12,77,20,30,81,36,1,50,6,48,57,79,18,47,53,90,49,54,62,82,46,76,50,39,74,34,58,43,5,91,39,39,70,6,41,21,38,11,63,99,38,36,18,11,37,50,28,90,55,59
95,53,6,8,29,36,31,79,6,95,16,56,43,33,50,74,55,52,13,51,45,99,66,35,47,46,37,93,65,87,90,36,48,24,18,97,56,97,1,71,7,18,63,33,68,23,35,1,72,10,85,50,41,6,96,55,38,50,73,85,17,59,94,92,93,97,11,98,5,59,77,81,83,90,77,55,47,74,0,39,58,81,25,18,96,97,94,47,62,48,3,53,37,52,38,70,1,81,4,55,49,94,52,40,96,41,14,28,77,35,5,72,82,73,2,65,95,25,54,64,24,33,7,52,14,8,21,10,23,36,95,4,17,93,82,31,46,25,40,3,38,85,88,85,47,28,62,74,4,50
48,52,90,12,37,39,18,40,34,36,15,73,81,85,51,88,93,7,50,43,13,86,13,57,67,76,4,44,88,82,50,95,17,55,96,1,33,61,33,54,73,95,26,67,13,37,72,62,59,45,90,37,24,77,77,75,12,57,12,66,67,42,72,53,37,58,35,92,96,8,4,92,25,96,45,85,28,85,39,0,23,56,14,37,12,72,42,96,41,48,26,95,88,75,15,90,39,75,56,37,66,91,85,66,9,1,50,69,25,6,49,48,38,94,30,86,64,39,13,34,6,35,71,34,75,7,40,56,32,89,13,47,43,24,18,89,3,40,38,56,70,66,19,72,98,91,42,3,52,28
73,82,99,76,97,72,28,34,87,35,38,38,84,90,52,27,3,2,6,15,27,97,73,10,89,43,22,75,19,15,50,41,46,67,75,68,63,24,58,50,48,7,54,93,54,96,70,6,84,12,76,72,30,19,98,64,99,48,7,51,76,17,48,95,36,66,41,39,96,33,97,1,43,85,98,10,82,64,58,23,0,72,15,16,33,47,69,39,48,24,56,83,97,40,25,43,46,92,30,46,42,64,54,38,74,29,37,97,88,9,29,68,9,35,84,78,56,51,21,50,5,69,92,54,23,96,38,72,71,43,1,83,7,48,77,75,96,55,30,69,90,26,52,38,11,81,74,23,58,33
5,34,44,34,38,23,56,66,77,64,37,89,75,14,99,2,82,36,87,1,80,49,73,47,64,63,52,46,11,84,7,15,59,66,82,49,74,71,99,28,80,18,11,4,66,28,93,53,46,70,16,36,36,73,12,13,92,17,44,59,90,50,42,99,72,58,10,70,38,9,4,60,71,14,19,39,57,20,81,56,72,0,62,75,67,26,53,87,51,58,85,55,24,6,98,7,31,37,24,40,93,33,32,63,36,93,42,27,28,68,6,69,59,97,86,12,47,33,19,42,87,21,96,42,82,75,5,17,17,62,65,90,68,12,57,7,2,61,60,64,37,19,83,17,60,24,32,44,64,55
8,83,63,39,72,56,71,48,41,73,73,57,42,17,7,79,11,82,69,31,91,24,77,80,43,60,20,62,56,93,68,47,87,70,53,23,14,38,20,58,66,38,60,9,58,5,1,92,49,57,78,41,13,99,88,56,37,13,65,18,64,97,49,38,71,64,27,90,97,51,56,32,40,4,9,44,76,13,25,14,15,62,0,3,46,99,37,73,11,72,95,40,71,33,73,12,97,92,21,27,58,30,80,60,50,1,15,83,6,33,4,74,40,3,77,5,78,41,64,16,9,79,23,58,90,29,55,39,38,77,26,9,65,31,43,61,1,30,54,53,7,54,2,4,31,21,41,99,47,36
15,47,62,81,62,22,9,68,11,46,89,94,12,17,12,89,98,87,39,92,62,56,66,33,27,29,28,85,93,41,96,48,56,77,78,11,65,24,83,83,90,1,8,51,57,51,90,9,9,4,13,73,51,18,92,94,21,50,14,22,10,21,40,43,46,43,86,27,68,71,25,58,17,75,31,87,10,34,18,37,16,75,3,0,51,22,50,41,94,68,91,61,33,33,67,16,77,57,3,24,81,56,16,97,97,82,70,15,81,75,62,88,43,11,61,81,51,80,44,67,16,89,38,9,44,20,32,37,17,42,81,5,32,14,93,29,73,39,61,99,19,77,6,29,55,35,34,55,54,52
15,46,11,43,69,84,68,89,40,47,40,80,32,74,56,7,96,77,52,25,84,20,17,25,62,22,89,34,36,5,91,89,74,39,92,32,2,56,6,3,70,96,58,39,1,20,95,43,60,50,12,35,99,13,90,28,33,41,18,12,61,68,16,66,96,15,52,25,19,94,30,33,60,33,10,22,69,49,96,12,33,67,46,51,0,34,65,4,1,1,37,27,48,30,68,23,12,82,27,22,20,43,1,13,15,76,52,75,25,90,74,53,61,43,78,61,56,8,92,77,66,83,76,93,74,93,65,20,37,17,59,40,49,70,88,14,36,31,80,4,98,84,56,74,25,78,54,49,69,5
91,18,48,30,17,18,77,54,2,7,94,23,2,56,61,68,69,99,72,99,89,17,43,39,48,89,22,15,42,29,9,83,52,77,54,90,78,94,75,1,54,53,63,86,88,37,69,18,10,36,2,66,24,14,3,57,70,60,42,34,80,36,2,95,8,84,54,29,86,65,7,27,56,35,2,74,63,61,97,72,47,26,99,22,34,0,8,8,54,99,92,16,62,49,28,66,40,89,6,55,94,62,50,40,73,18,66,82,73,60,55,1,67,90,68,1,85,65,71,45,95,3,4,97,54,78,16,3,46,83,70,60,92,42,90,63,67,58,30,7,41,5,57,56,23,13,43,93,28,88
5,55,96,52,66,35,20,39,23,26,54,35,23,34,50,15,93,57,90,58,74,47,65,85,54,32,78,30,88,88,8,80,88,92,17,50,3,49,73,70,72,21,74,14,10,35,5,88,30,66,31,68,84,49,83,95,97,43,94,97,16,41,87,91,37,91,87,79,22,20,6,62,40,99,6,43,69,45,94,42,69,53,37,50,65,8,0,88,35,74,17,92,83,15,11,11,47,94,89,4,43,59,1,4,92,51,22,64,96,6,12,66,15,68,57,91,24,40,43,74,26,85,74,97,14,28,59,88,49,40,32,15,13,48,13,39,87,83,80,92,89,19,4,86,69,17,31,14,41,36
75,4,14,15,19,12,2,24,33,84,56,23,91,6,63,59,93,77,33,29,66,35,26,4,94,53,18,16,12,54,1,77,52,85,16,37,41,77,47,43,92,77,9,12,22,32,93,57,13,27,13,59,82,34,95,22,2,62,11,75,42,19,31,61,42,87,15,16,29,93,13,18,3,57,78,20,57,15,47,96,39,87,73,41,4,8,88,0,37,91,14,12,13,35,8,2,95,98,82,5,50,71,32,39,6,3,19,30,36,65,45,69,44,32,2,91,9,48,12,67,91,12,25,24,48,38,69,63,53,46,43,33,66,74,59,55,95,85,62,72,55,63,81,24,59,17,42,58,60,26
48,89,38,14,73,31,20,17,37,72,23,6,1,94,65,67,95,34,55,63,31,81,8,51,30,18,5,55,27,73,1,32,13,71,11,6,6,26,2,27,70,17,84,35,34,40,18,95,91,22,57,64,2,85,91,28,65,85,84,65,84,84,54,7,81,7,65,59,94,21,5,75,59,44,21,27,89,28,62,41,48,51,11,94,1,54,35,37,0,85,95,46,50,90,63,63,98,40,2,70,26,77,69,83,87,78,22,49,82,18,88,67,72,26,44,38,5,71,21,79,35,87,45,77,29,86,6,77,11,7,59,90,5,42,8,32,45,36,66,86,1,93,30,95,68,69,20,89,45,5
71,7,84,52,4,17,73,17,12,47,73,14,72,87,7,92,8,54,68,59,49,40,90,52,75,8,54,81,9,48,71,19,79,90,48,7,29,52,8,12,64,37,8,75,15,56,34,59,14,36,84,57,93,52,91,61,31,72,44,39,88,88,10,35,40,57,14,48,5,52,88,46,17,59,69,80,64,63,48,48,24,58,72,68,1,99,74,91,85,0,89,71,29,32,16,62,33,17,55,83,84,48,88,18,78,29,21,24,13,39,33,62,18,63,49,88,88,18,28,60,3,63,6,89,3,18,24,31,26,91,19,93,71,21,61,93,72,19,44,26,42,81,31,51,26,28,71,32,30,49
73,92,13,80,60,40,79,71,82,78,58,75,82,91,38,26,94,99,43,73,60,41,17,42,39,77,83,1,93,2,13,10,68,93,41,62,4,67,36,11,61,10,50,23,48,32,12,81,58,14,63,41,65,83,10,87,66,74,86,69,79,42,76,91,42,80,36,7,83,48,36,22,6,1,51,64,33,69,3,26,56,85,95,91,37,92,17,14,95,89,0,91,15,29,18,20,37,84,32,71,6,99,64,56,92,51,31,66,33,40,64,23,21,60,8,53,28,68,2,9,88,38,32,52,13,96,13,83,98,39,73,17,29,3,89,97,49,93,39,31,34,98,64,64,85,21,44,4,47,87
31,82,35,14,33,13,40,98,29,96,91,40,72,74,28,13,93,49,25,95,18,41,5,5,81,93,83,60,97,80,35,47,3,30,55,20,5,44,50,48,60,60,62,34,16,78,23,53,22,70,4,74,35,78,72,2,8,89,24,6,18,87,58,47,18,28,49,4,1,18,47,39,63,83,25,42,20,13,53,95,83,55,40,61,27,16,92,12,46,71,91,0,75,4,41,66,35,92,29,77,49,58,5,48,71,44,64,47,48,60,22,38,46,3,75,98,70,99,15,61,46,85,44,96,25,41,40,25,67,96,7,30,13,98,21,18,7,36,18,11,11,36,71,29,91,89,81,65,83,53
5,29,7,37,40,5,6,28,69,69,46,13,51,25,25,46,67,31,85,77,68,87,8,81,82,23,85,70,63,95,49,96,29,22,47,23,8,61,61,86,45,50,78,90,85,23,27,11,63,26,29,4,48,70,92,73,70,99,99,76,91,55,71,96,46,58,51,3,73,50,89,84,26,94,86,30,27,60,37,88,97,24,71,33,48,62,83,13,50,29,15,75,0,3,20,57,76,26,34,51,64,66,67,46,89,28,52,77,57,37,89,65,85,69,48,55,62,88,77,97,98,68,91,65,67,65,7,74,58,46,99,23,14,43,62,25,37,27,83,78,51,87,91,99,20,73,59,1,3,27
40,28,30,71,46,87,12,69,41,99,41,49,8,46,34,48,75,50,93,54,33,45,88,13,71,69,96,50,98,91,68,90,32,26,98,46,54,12,16,69,29,86,65,83,59,58,36,55,47,50,7,38,72,80,21,31,12,17,26,23,38,81,7,1,74,63,11,15,72,7,20,66,3,88,17,30,73,27,52,75,40,6,33,33,30,49,15,35,90,32,29,4,3,0,80,15,43,50,50,82,30,99,96,58,67,98,9,5,37,80,9,42,73,41,19,3,31,24,65,96,57,9,38,8,4,44,36,38,86,7,46,35,4,4,78,25,37,77,2,70,4,15,15,26,33,25,32,12,99,71
5,19,36,5,14,69,22,92,4,63,11,53,73,62,68,59,35,62,88,97,96,4,28,77,63,82,79,60,67,35,27,98,46,90,92,27,56,35,12,56,1,95,76,85,21,92,79,60,93,25,45,3,10,4,46,51,72,90,50,20,31,39,52,16,45,66,41,90,15,75,70,62,68,64,43,76,57,25,38,15,25,98,73,67,68,28,11,8,63,16,18,41,20,80,0,57,66,70,77,73,84,28,8,5,1,12,33,91,14,18,44,32,33,74,21,89,53,70,81,47,62,16,52,56,42,63,56,2,45,31,83,56,45,24,64,9,7,6,48,2,60,87,53,50,87,60,48,6,5,51
30,56,51,42,29,59,32,86,96,85,28,99,18,6,63,29,32,38,72,26,52,26,54,13,91,95,34,41,29,99,44,12,38,77,67,40,50,93,27,70,84,1,41,34,87,64,36,69,1,68,71,50,7,93,75,92,49,33,61,52,2,56,16,61,36,89,98,72,81,38,57,68,15,59,13,51,82,70,70,90,43,7,12,16,23,66,11,2,63,62,20,66,57,15,57,0,67,38,27,99,46,72,94,71,51,89,82,46,73,41,17,27,60,90,51,17,27,64,22,43,17,96,22,34,10,88,53,44,82,23,13,58,47,52,12,33,96,26,87,97,44,94,34,54,62,70,46,69,47,92
92,24,92,21,96,1,40,8,58,62,60,16,95,76,26,38,97,24,39,49,95,71,18,72,75,61,60,84,68,53,45,81,89,56,79,69,41,48,38,76,57,90,33,36,20,50,57,50,26,2,50,25,20,62,41,51,69,68,98,27,25,47,80,97,80,3,1,52,5,26,88,71,51,29,89,78,15,86,1,39,46,31,97,77,12,40,47,95,98,33,37,35,76,43,66,67,0,27,31,32,41,89,47,99,20,74,21,80,48,47,37,49,4,72,6,32,9,59,87,11,3,95,69,35,75,32,36,36,47,37,75,7,57,27,35,36,90,1,55,18,54,27,29,33,92,19,39,54,14,25
8,61,27,85,38,80,42,83,65,71,18,45,41,98,60,1,60,53,27,76,69,13,44,62,57,29,69,86,34,69,18,72,38,17,51,99,56,91,97,1,98,88,96,15,9,36,77,68,52,34,98,81,70,14,38,25,24,98,15,68,29,61,97,92,55,81,24,92,45,65,63,84,25,75,57,64,7,17,81,75,92,37,92,57,82,89,94,98,40,17,84,92,26,50,70,38,27,0,51,81,16,78,30,63,36,36,52,9,80,70,80,43,72,75,7,29,79,74,94,67,44,37,33,97,60,72,10,94,42,40,48,84,21,7,33,13,50,52,37,8,88,28,30,47,29,68,55,17,86,65
49,97,99,89,41,60,19,77,47,74,82,16,33,59,16,11,68,30,74,92,94,10,9,72,84,70,5,16,86,85,77,38,82,63,56,56,28,13,55,71,9,94,70,85,40,33,82,20,83,12,13,72,7,21,28,99,67,87,65,8,84,47,82,96,41,70,32,35,39,84,83,22,4,58,2,61,34,90,4,56,30,24,21,3,27,6,89,82,2,55,32,29,34,50,77,27,31,51,0,95,55,35,2,40,95,72,32,51,4,16,25,55,98,53,49,80,93,43,47,55,47,56,31,27,82,27,40,49,33,43,53,23,11,71,77,62,31,74,82,92,42,81,38,73,57,75,79,6,13,59
26,94,96,99,78,31,40,25,60,81,81,89,49,51,14,12,92,1,50,86,27,25,9,92,98,60,7,9,86,80,16,15,80,26,4,58,23,69,59,65,95,88,95,75,13,29,21,7,34,4,31,74,35,74,60,20,61,82,23,2,80,81,53,38,33,25,72,61,27,24,58,3,80,58,42,97,50,61,55,37,46,40,27,24,22,55,4,5,70,83,71,77,51,82,73,99,32,81,95,0,2,25,69,21,88,90,14,82,4,90,52,24,40,23,81,82,32,79,10,50,85,60,88,70,68,87,80,66,66,99,65,54,57,57,62,28,25,13,40,66,6,69,93,37,34,58,87,86,77,61
57,60,96,49,33,14,2,43,31,84,46,99,98,15,50,56,43,13,47,77,29,25,5,48,62,34,16,91,77,55,9,74,78,44,60,16,97,9,16,7,61,6,36,81,92,74,7,57,47,28,77,35,20,33,81,58,4,4,66,93,75,22,62,39,6,49,15,76,21,4,25,25,74,68,14,26,78,12,49,66,42,93,58,81,20,94,43,50,26,84,6,49,64,30,84,46,41,16,55,2,0,8,12,13,72,80,90,23,83,30,97,81,22,36,81,64,24,84,5,66,85,75,38,32,70,91,97,11,44,24,74,5,2,20,48,89,54,5,94,86,11,83,16,8,86,20,6,28,84,23
86,78,59,66,63,84,49,61,49,82,21,43,80,79,18,93,2,8,38,84,35,36,64,49,4,82,2,33,1,28,46,78,73,98,5,61,86,30,71,9,83,40,50,37,86,51,55,53,27,3,18,77,84,51,39,93,78,33,45,98,18,4,7,65,86,86,85,26,46,54,73,17,34,48,93,3,94,77,94,91,64,33,30,56,43,62,59,71,77,48,99,58,66,99,28,72,89,78,35,25,8,0,11,8,55,89,68,64,27,34,57,80,40,32,27,29,99,75,6,54,5,33,3,52,7,44,66,20,95,1,63,3,31,52,59,37,86,35,8,4,41,89,5,73,45,84,25,65,53,13
94,5,70,31,14,77,60,79,41,86,20,19,11,93,17,24,67,62,36,31,39,90,59,43,68,28,72,93,59,11,41,60,96,2,64,50,9,39,8,37,53,81,76,90,20,10,75,26,4,52,55,9,18,91,61,5,83,7,36,61,96,41,28,68,50,55,68,46,71,28,9,40,75,16,29,79,13,20,52,85,54,32,80,16,1,50,1,32,69,88,64,5,67,96,8,94,47,30,2,69,12,11,0,2,79,1,95,48,80,34,29,11,78,68,78,22,34,86,87,39,61,39,93,71,48,87,66,47,23,89,37,34,85,45,29,64,77,56,63,63,77,60,3,67,15,69,11,91,64,21
99,50,35,14,85,53,54,38,42,3,76,70,84,41,43,54,91,23,57,90,22,12,28,43,16,22,86,19,67,36,59,19,24,75,1,66,40,86,44,25,45,24,53,57,39,45,67,11,34,4,74,27,23,86,99,51,42,36,25,89,70,28,99,65,54,64,45,8,91,93,95,29,50,84,93,34,87,30,40,66,38,63,60,97,13,40,4,39,83,18,56,48,46,58,5,71,99,63,40,21,13,8,2,0,4,77,45,73,22,37,5,57,4,70,97,26,48,95,54,85,78,3,7,80,7,78,51,28,33,32,24,79,22,80,84,31,88,83,33,34,74,99,92,5,31,18,38,95,75,66
11,85,40,88,43,58,8,72,83,84,7,95,51,27,27,87,37,84,15,95,16,53,31,12,51,34,30,68,22,95,44,55,27,35,38,42,48,57,71,13,87,14,40,8,82,28,45,8,34,25,39,46,56,8,92,24,70,10,42,11,14,1,48,30,87,5,33,76,53,35,82,17,14,67,3,6,3,81,96,9,74,36,50,97,15,73,92,6,87,78,92,71,89,67,1,51,20,36,95,88,72,55,79,4,0,28,40,63,45,25,84,93,16,48,37,39,40,27,33,7,2,8,19,24,51,5,84,20,84,6,26,59,77,54,86,68,23,85,91,22,14,34,99,90,25,19,22,51,31,59
7,39,50,95,47,73,58,69,54,72,38,69,50,54,90,91,42,56,47,85,57,72,16,45,94,34,72,22,43,72,76,2,1,93,81,50,52,57,31,91,13,16,74,81,31,73,50,32,89,47,42,45,23,38,84,30,14,69,88,18,9,40,29,32,21,81,38,87,52,40,88,65,39,65,17,7,41,36,41,1,29,93,1,82,76,18,51,3,78,29,51,44,28,98,12,89,74,36,72,90,80,89,1,77,28,0,12,31,36,5,61,37,57,14,39,41,61,39,25,57,25,4,69,24,6,10,22,65,94,4,9,28,59,12,79,41,41,23,84,78,84,56,68,84,92,87,93,96,18,85
88,98,21,88,85,23,66,83,56,52,44,89,50,46,68,49,41,94,80,45,85,95,23,90,52,5,54,41,13,42,3,47,20,93,39,67,4,48,59,11,74,39,27,3,92,31,49,34,37,76,70,21,17,54,40,56,67,72,69,90,6,76,83,66,93,26,7,86,60,74,85,17,32,72,60,68,60,1,14,50,37,42,15,70,52,66,22,19,22,21,31,64,52,9,33,82,21,52,32,14,90,68,95,45,40,12,0,76,35,84,29,55,17,70,47,49,14,89,41,85,11,85,2,98,84,44,93,76,32,31,18,38,73,63,97,35,32,13,97,97,55,11,53,2,86,81,1,21,56,3
63,67,55,47,8,51,17,37,80,7,15,40,31,49,37,65,32,77,93,54,16,60,79,20,68,75,11,65,6,68,63,94,54,61,58,56,92,79,84,82,48,60,84,86,53,69,15,83,73,68,29,30,71,32,23,28,80,18,36,22,90,31,93,80,30,85,73,28,46,81,29,71,86,91,64,31,26,50,28,69,97,27,83,15,75,82,64,30,49,24,66,47,77,5,91,46,80,9,51,82,23,64,48,73,63,31,76,0,27,25,15,32,34,75,46,40,15,1,67,26,74,23,83,83,1,12,22,3,86,3,60,26,45,9,68,92,87,12,31,40,85,63,2,22,5,38,8,91,45,61
53,42,13,36,15,15,48,31,56,7,72,38,24,2,95,5,33,98,50,53,60,53,39,26,13,89,16,30,47,14,11,37,2,15,70,42,49,16,47,62,85,37,80,8,12,73,35,61,39,54,31,95,76,39,65,55,44,49,32,15,82,70,10,87,20,6,7,37,21,55,12,46,2,98,61,99,32,6,77,25,88,28,6,81,25,73,96,36,82,13,33,48,57,37,14,73,48,80,4,4,83,27,80,22,45,36,35,27,0,36,13,70,66,99,65,10,20,89,82,87,57,71,89,85,43,15,56,37,55,24,17,62,32,21,91,36,40,22,59,8,58,33,28,11,43,62,5,2,47,29
81,63,18,28,21,78,63,91,37,76,81,97,56,69,67,34,75,93,34,29,65,10,60,85,55,22,91,2,8,10,82,24,62,25,50,20,97,67,62,90,96,64,78,86,45,18,86,22,7,27,71,90,27,32,36,36,60,22,49,51,66,78,14,7,41,4,5,17,9,96,70,99,97,93,5,54,3,48,35,6,9,68,33,75,90,60,6,65,18,39,40,60,37,80,18,41,47,70,16,90,30,34,34,37,25,5,84,25,36,0,3,15,96,16,4,46,16,64,69,13,31,35,77,29,25,34,34,80,91,40,34,82,43,19,68,74,54,41,76,42,96,80,31,30,92,75,56,81,24,52
43,68,73,41,73,83,27,7,50,88,71,85,95,5,63,10,91,99,52,70,6,73,99,14,10,63,91,93,26,75,89,57,20,51,54,48,89,94,13,94,40,27,72,13,64,59,35,47,7,20,95,94,73,78,51,82,1,17,47,39,45,90,61,57,84,72,21,82,7,20,86,50,25,31,6,41,81,57,5,49,29,6,4,62,74,55,12,45,88,33,64,22,89,9,44,17,37,80,25,52,97,57,29,5,84,61,29,15,13,3,0,84,13,51,30,2,64,48,90,79,84,92,82,77,46,40,59,33,62,36,7,21,37,87,8,79,26,91,42,10,20,71,39,89,80,85,38,39,75,55
33,85,90,96,79,24,1,73,88,74,80,55,72,48,39,14,18,22,96,22,23,95,4,94,52,43,25,93,61,30,64,6,46,84,50,62,37,10,1,68,14,95,5,94,14,75,59,51,99,16,28,63,11,29,40,34,30,62,14,52,6,1,46,71,24,39,10,68,48,73,20,22,34,21,7,30,74,79,72,48,68,69,74,88,53,1,66,69,67,62,23,38,65,42,32,27,49,43,55,24,81,80,11,57,93,37,55,32,70,15,84,0,74,6,93,90,78,99,97,72,53,62,70,54,54,91,42,57,69,74,49,29,92,82,35,63,94,47,91,10,51,50,37,51,17,63,84,69,14,56
68,80,65,31,22,40,63,98,16,98,31,45,29,98,95,25,24,74,83,96,27,54,2,87,38,74,15,4,78,36,82,46,57,3,48,40,91,12,46,88,83,9,35,79,46,51,30,75,16,68,85,19,19,83,69,14,91,34,25,90,64,65,21,90,95,76,29,98,82,89,8,87,70,54,71,23,17,18,82,38,9,59,40,43,61,67,15,44,72,18,21,46,85,73,33,60,4,72,98,40,22,40,78,4,16,57,17,34,66,96,13,74,0,13,23,16,47,59,42,22,74,34,78,67,11,97,9,76,66,59,89,36,30,51,94,59,33,42,42,32,23,36,36,40,53,41,10,29,65,55
72,2,47,72,96,65,90,20,88,58,37,36,78,81,1,46,7,9,19,69,48,35,57,15,65,34,57,99,19,90,31,37,91,6,71,15,81,22,86,70,96,25,10,73,46,41,37,86,67,13,77,28,95,11,11,73,82,70,11,23,43,23,57,38,33,99,72,98,67,64,96,72,77,21,14,13,3,47,73,94,35,97,3,11,43,90,68,32,26,63,60,3,69,41,74,90,72,75,53,23,36,32,68,70,48,14,70,75,99,16,51,6,13,0,91,33,88,37,5,19,28,83,76,10,19,38,85,32,60,90,22,19,47,21,57,38,39,68,45,39,41,6,1,13,52,62,18,11,81,70
33,57,94,59,21,91,70,80,90,21,54,73,84,87,94,4,66,81,20,26,48,7,94,26,39,49,56,43,28,85,36,6,15,63,60,63,47,1,73,47,17,78,95,64,93,63,48,58,60,87,66,13,19,86,37,10,69,1,95,66,97,81,54,53,48,98,9,57,17,74,28,64,89,58,79,85,90,53,2,30,84,86,77,61,78,68,57,2,44,49,8,75,48,19,21,51,6,7,49,81,81,27,78,97,37,39,47,46,65,4,30,93,23,91,0,59,45,78,75,78,98,16,18,30,68,63,97,64,61,56,83,53,81,73,13,66,86,44,62,77,51,42,51,17,31,97,18,29,98,54
1,59,85,81,68,33,4,52,2,7,30,60,55,34,76,75,74,71,32,81,78,35,94,57,11,60,61,92,42,45,15,86,59,89,2,78,77,53,25,61,46,9,6,89,30,63,37,53,49,17,36,4,15,96,26,70,17,31,86,3,89,63,5,39,51,19,5,25,52,10,31,45,17,98,70,72,14,90,65,86,78,12,5,81,61,1,91,91,38,88,53,98,55,3,89,17,32,29,80,82,64,29,22,26,39,41,49,40,10,46,2,90,16,33,59,0,68,72,72,54,75,62,22,76,59,7,75,67,29,64,64,45,70,7,91,77,10,13,65,4,56,45,2,37,82,79,6,92,25,57
91,54,68,62,73,54,82,40,31,7,33,60,48,44,58,79,40,45,20,55,28,39,51,14,84,73,76,51,54,96,7,64,51,49,84,13,3,80,93,29,74,22,43,21,4,65,18,65,87,71,46,25,20,39,61,69,88,93,47,13,5,38,15,43,72,45,58,69,82,86,86,27,66,29,74,95,98,49,95,64,56,47,78,51,56,85,24,9,5,88,28,70,62,31,53,27,9,79,93,32,24,99,34,48,40,61,14,15,20,16,64,78,47,88,45,68,0,85,43,41,47,21,36,18,62,26,83,45,83,31,56,23,46,44,37,18,37,92,79,29,85,71,72,71,14,82,46,15,87,97
93,19,98,17,44,89,92,39,56,11,26,67,20,50,14,16,6,82,87,14,24,34,84,42,25,67,47,32,7,43,19,3,82,83,37,99,17,9,53,98,46,29,44,93,96,94,46,38,82,38,8,76,34,17,24,69,90,86,45,28,88,49,73,41,30,70,92,9,68,35,34,52,6,79,30,38,39,54,25,39,51,33,41,80,8,65,40,48,71,18,68,99,88,24,70,64,59,74,43,79,84,75,86,95,27,39,89,1,89,64,48,99,59,37,78,72,85,0,88,27,56,73,4,65,61,89,69,8,25,90,31,33,9,31,50,78,40,86,4,70,94,58,50,69,66,99,55,52,62,35
4,51,58,61,28,7,28,30,67,91,71,84,75,18,45,59,95,99,97,92,85,47,98,27,23,39,3,1,22,6,46,68,45,93,51,45,42,43,20,36,36,44,8,61,83,23,42,95,42,50,34,96,4,16,17,2,14,44,70,12,14,11,69,99,28,85,73,12,74,80,96,18,24,23,73,32,24,62,54,13,21,19,64,44,92,71,43,12,21,28,2,15,77,65,81,22,87,94,47,10,5,6,87,54,33,25,41,67,82,69,90,97,42,5,75,72,43,88,0,96,77,1,91,11,18,24,41,82,74,4,3,3,8,68,90,30,74,40,56,40,91,49,9,73,96,25,78,11,4,64
67,51,97,58,82,78,19,32,80,64,35,9,96,99,44,40,67,10,19,93,36,4,62,10,32,98,63,78,93,58,2,99,67,12,82,63,47,89,61,52,23,16,41,22,51,68,45,64,27,93,92,72,23,19,74,61,18,85,24,18,87,68,60,42,45,43,38,29,58,41,85,87,28,24,12,79,66,82,64,34,50,42,16,67,77,45,74,67,79,60,9,61,97,96,47,43,11,67,55,50,66,54,39,85,7,57,85,26,87,13,79,72,22,19,78,54,41,27,96,0,13,61,48,74,7,43,50,99,28,93,91,28,25,91,38,70,23,46,1,1,68,12,22,28,44,14,8,54,72,67
90,48,35,1,5,67,22,47,16,88,45,87,46,77,4,59,23,43,6,12,98,29,2,5,63,58,9,21,13,87,80,85,21,17,64,67,35,69,80,50,95,32,47,21,5,17,31,94,86,41,14,98,95,41,9,70,38,91,53,50,83,9,80,8,85,54,69,4,43,49,57,56,80,9,43,57,96,46,24,6,5,87,9,16,66,95,26,91,35,3,88,46,98,57,62,17,3,44,47,85,85,5,61,78,2,25,11,74,57,31,84,53,74,28,98,75,47,56,77,13,0,9,1,26,78,99,45,8,50,17,79,59,10,97,8,36,8,21,66,99,11,95,72,94,21,35,35,65,16,15
28,70,61,3,47,40,19,14,33,91,81,55,51,41,69,88,66,57,74,54,99,69,10,51,91,36,32,23,87,88,72,73,41,19,96,21,13,97,9,26,70,49,84,44,36,79,44,94,65,77,42,94,45,83,14,6,66,98,16,84,94,73,47,51,95,62,38,32,74,47,19,99,45,8,65,82,46,76,33,35,69,21,79,89,83,3,85,12,87,63,38,85,68,9,16,96,95,37,56,60,75,33,39,3,8,4,85,23,71,35,92,62,34,83,16,62,21,73,1,61,9,0,53,38,84,26,31,51,45,31,99,64,34,35,79,72,25,36,77,23,88,36,73,18,47,31,38,37,69,22
52,25,94,57,20,84,16,13,43,86,14,5,23,90,88,88,97,91,1,94,59,42,12,71,26,88,34,67,17,7,85,42,95,89,41,32,46,14,30,97,83,82,37,13,91,62,40,10,79,75,40,23,80,89,72,31,21,52,68,93,17,38,41,67,42,89,98,1,87,88,55,17,50,98,20,70,20,50,7,71,92,96,23,38,76,4,74,25,45,6,32,44,91,38,52,22,69,33,31,88,38,3,93,7,19,69,2,83,89,77,82,70,78,76,18,22,36,4,91,48,1,53,0,11,86,33,57,1,45,54,15,27,88,64,11,82,68,56,13,80,10,87,30,62,2,76,48,8,89,98
53,54,40,25,26,78,39,91,87,62,45,55,88,41,65,25,13,73,45,12,29,91,27,2,38,86,46,52,46,98,28,90,70,10,24,17,86,50,6,52,21,84,18,86,60,43,10,82,58,85,24,49,55,43,26,71,87,59,88,10,87,56,66,63,30,71,47,63,27,28,33,36,20,13,70,37,17,39,52,34,54,42,58,9,93,97,97,24,77,89,52,96,65,8,56,34,35,97,27,70,32,52,71,80,24,24,98,83,85,29,77,54,67,10,30,76,18,65,11,74,26,38,11,0,66,24,5,43,46,18,17,99,34,6,61,83,42,7,59,45,76,78,67,43,89,53,76,96,48,97
74,69,16,19,58,22,7,63,4,38,6,82,35,84,92,71,47,80,11,73,11,27,76,69,42,81,61,72,12,5,58,63,29,76,67,8,57,9,34,95,50,96,36,42,88,37,42,66,96,73,35,2,82,25,19,79,72,1,4,48,25,5,54,86,30,62,3,9,86,94,25,10,54,44,52,33,22,74,14,75,23,82,90,44,74,54,14,48,29,3,13,25,67,4,42,10,75,60,82,68,70,7,48,7,51,6,84,1,43,25,46,54,11,19,68,59,62,61,18,7,78,84,86,66,0,26,49,10,61,40,88,12,68,92,30,6,75,51,75,80,47,41,26,23,3,3,90,60,7,55
93,90,31,29,49,14,37,62,65,59,12,52,60,88,55,31,70,50,67,63,38,37,25,85,19,5,4,35,94,71,39,51,72,26,5,84,16,90,75,23,45,7,26,99,6,87,20,96,12,13,56,18,42,3,82,18,95,32,65,39,98,69,78,33,83,37,44,68,26,79,62,74,58,99,56,50,28,34,8,7,96,75,29,20,93,78,28,38,86,18,96,41,65,44,63,88,32,72,27,87,91,44,87,78,5,10,44,12,15,34,40,91,97,38,63,7,26,89,24,43,99,26,33,24,26,0,49,41,37,20,15,10,14,70,19,31,97,76,81,1,90,23,51,84,37,65,40,20,65,45
23,81,34,27,30,51,74,37,16,72,72,46,94,4,11,87,94,43,23,12,55,50,30,21,12,37,25,40,37,69,2,74,45,80,75,94,44,57,22,14,52,94,65,28,23,19,6,32,88,10,4,30,23,48,73,1,8,71,58,66,22,89,67,87,68,4,65,35,52,61,62,64,83,17,75,56,93,58,21,40,38,5,55,32,65,16,59,69,6,24,13,40,7,36,56,53,36,10,40,80,97,66,66,51,84,22,93,22,56,34,59,42,9,85,97,75,83,69,41,50,45,31,57,5,49,49,0,24,65,83,9,7,9,75,87,51,84,64,85,41,24,6,92,51,87,18,39,15,13,26
42,40,85,59,11,73,71,66,67,11,34,21,23,10,52,86,23,60,95,74,92,63,95,69,18,60,12,85,15,75,21,81,66,32,50,29,40,78,23,55,13,43,84,28,95,12,21,82,39,92,63,84,43,23,77,16,80,39,86,47,80,53,18,49,58,7,24,26,43,93,38,66,9,26,50,7,5,43,10,56,72,17,39,37,20,3,88,63,77,31,83,25,74,38,2,44,36,94,49,66,11,20,47,28,20,65,76,3,37,80,33,57,76,32,64,67,45,8,82,99,8,51,1,43,10,41,24,0,45,46,62,79,66,41,9,77,14,2,96,40,30,31,6,66,97,27,75,85,59,18
19,26,87,53,88,8,84,73,62,41,52,48,55,28,99,97,11,97,81,78,80,3,43,14,48,56,89,49,45,22,49,4,46,41,41,21,9,23,45,3,89,2,94,68,78,25,87,12,83,61,68,17,56,74,94,60,14,44,50,26,9,18,89,72,76,8,11,76,79,83,57,15,78,33,50,66,97,5,23,32,71,17,38,17,37,46,49,53,11,26,98,67,58,86,45,82,47,42,33,66,44,95,23,33,84,94,32,86,55,91,62,69,66,60,61,29,83,25,74,28,50,45,45,46,61,37,65,45,0,43,66,81,10,9,64,81,48,56,37,40,2,51,19,99,73,90,62,36,29,71
38,71,29,11,12,28,51,20,4,78,86,78,7,69,30,24,86,17,72,58,3,7,82,89,82,13,9,14,91,2,51,2,80,9,53,25,46,24,22,67,16,92,31,61,67,52,31,76,37,90,87,45,23,20,76,62,77,40,11,90,16,42,94,76,34,97,15,81,29,94,16,38,5,35,90,66,8,91,36,89,43,62,77,42,17,83,40,46,7,91,39,96,46,7,31,23,37,40,43,99,24,1,89,32,6,4,31,3,24,40,36,74,59,90,56,64,31,90,4,93,17,31,54,18,40,20,83,46,43,0,14,52,99,60,40,10,53,26,96,69,50,69,86,40,95,74,27,59,81,77
24,65,78,91,73,73,75,11,20,8,1,31,21,74,28,90,1,25,94,91,71,78,79,87,28,76,66,68,4,32,14,88,47,48,29,54,42,75,47,23,36,68,15,80,38,40,50,48,64,74,4,68,74,53,42,55,2,84,19,10,94,48,94,47,17,32,43,97,58,4,87,90,19,99,91,32,61,39,95,13,1,65,26,81,59,70,32,43,59,19,73,7,99,46,83,13,75,48,53,65,74,63,37,24,26,9,18,60,17,34,7,49,89,22,83,64,56,31,3,91,79,99,15,17,88,15,9,62,66,14,0,27,78,53,60,78,89,95,92,16,49,49,24,74,64,33,36,24,7,40
51,17,32,47,9,2,99,57,36,18,49,98,2,98,53,51,67,44,84,64,85,77,27,81,36,91,32,19,59,44,88,76,54,67,31,21,70,8,40,21,63,76,98,32,17,85,85,41,69,91,72,55,56,70,89,70,79,33,31,48,75,65,68,69,45,94,22,56,77,11,88,47,21,71,11,15,7,39,4,47,83,90,9,5,40,60,15,33,90,93,17,30,23,35,56,58,7,84,23,54,5,3,34,79,59,28,38,26,62,82,21,29,36,19,53,45,23,33,3,28,59,64,27,99,12,10,7,79,81,52,27,0,48,51,42,69,15,99,56,13,35,53,54,35,3,51,79,4,28,60
64,26,87,25,18,44,58,35,85,83,74,65,91,16,99,41,98,84,16,55,57,61,29,80,69,1,10,36,72,14,23,82,65,34,72,25,92,68,19,82,29,81,61,70,42,52,25,89,30,27,63,82,56,21,77,60,70,39,41,47,87,80,48,63,18,56,95,58,83,63,42,57,63,50,86,88,21,70,17,43,7,68,65,32,49,92,13,66,5,71,29,13,14,4,45,47,57,21,11,57,2,31,85,22,77,59,73,45,32,43,37,92,30,47,81,70,46,9,8,25,10,34,88,34,68,14,9,66,10,99,78,48,0,74,94,84,33,95,75,57,56,94,32,75,1,48,58,15,20,7
70,5,74,14,35,22,99,50,17,25,49,59,33,12,37,94,50,51,28,56,85,91,54,18,82,23,24,26,11,98,39,22,45,62,7,84,59,83,99,62,67,49,99,31,41,92,36,8,55,9,79,82,26,67,74,94,15,74,23,16,76,88,8,45,68,65,75,88,8,25,45,80,37,73,99,56,64,6,93,24,48,12,31,14,70,42,48,74,42,21,3,98,43,4,24,52,27,7,71,57,20,52,45,80,54,12,63,9,21,19,87,82,51,21,73,7,44,31,68,91,97,35,64,6,92,70,75,41,9,60,53,51,74,0,92,19,95,82,32,77,26,38,72,26,78,1,98,17,99,30
91,49,99,73,89,86,95,12,67,6,65,20,93,40,23,16,27,91,91,80,60,68,1,57,64,86,4,91,93,37,17,53,61,30,42,81,52,97,73,45,13,35,1,84,69,98,54,95,73,27,6,57,76,49,18,78,12,35,1,96,42,35,93,62,28,93,91,13,44,31,42,13,85,17,69,80,3,41,82,18,77,57,43,93,88,90,13,59,8,61,89,21,62,78,64,12,35,33,77,62,48,59,29,84,86,79,97,68,91,68,8,35,94,57,13,91,37,50,90,38,8,79,11,61,30,19,87,9,64,40,60,42,94,92,0,15,1,3,17,74,68,14,40,12,75,46,28,74,81,75
56,26,86,88,2,27,29,8,4,27,59,93,53,18,35,55,86,44,44,6,34,59,32,97,54,12,26,30,95,31,27,63,78,27,11,28,89,64,87,37,27,16,43,14,24,2,43,99,7,11,34,70,71,10,43,98,78,51,14,35,75,28,79,61,70,86,54,59,56,49,83,16,15,98,85,1,91,21,31,89,75,7,61,29,14,63,39,55,32,93,97,18,25,25,9,33,36,13,62,28,89,37,64,31,68,41,35,92,36,74,79,63,59,38,66,77,18,78,30,70,36,72,82,83,6,31,51,77,81,10,78,69,84,19,15,0,80,35,37,56,41,88,56,84,47,25,53,31,82,35
37,58,34,70,82,40,17,54,51,73,56,1,82,24,20,50,75,41,34,57,95,80,42,14,13,73,96,27,31,27,57,79,50,19,57,39,97,49,3,21,99,5,17,26,33,75,14,42,57,61,40,34,47,89,37,79,86,53,80,42,30,4,76,38,40,69,1,57,10,22,56,56,64,91,27,60,65,38,46,3,96,2,1,73,36,67,87,95,45,72,49,7,37,37,7,96,90,50,31,25,54,86,77,88,23,41,32,87,40,54,26,94,33,39,86,10,37,40,74,23,8,25,68,42,75,97,84,14,48,53,89,15,33,95,1,80,0,45,85,45,66,56,70,62,55,54,3,50,94,94
81,69,14,35,84,3,81,32,18,2,76,91,77,96,3,68,52,59,7,89,87,81,43,35,11,19,49,17,72,45,3,14,37,61,76,6,40,81,95,56,98,9,5,14,4,3,48,80,7,97,71,86,42,76,34,53,47,41,86,51,82,37,29,78,70,10,10,55,44,86,28,77,22,37,69,78,91,11,25,40,55,61,30,39,31,58,83,85,36,19,93,36,27,77,6,26,1,52,74,13,5,35,56,83,85,23,13,12,22,41,91,47,42,68,44,13,92,86,40,46,21,36,56,7,51,76,64,2,56,26,95,99,95,82,3,35,45,0,37,32,96,52,50,51,40,53,5,25,70,29
27,79,9,23,35,55,18,69,44,89,82,27,7,59,70,43,33,72,47,63,37,22,75,65,42,76,7,20,94,18,23,97,35,23,95,44,9,17,64,32,67,91,93,21,36,95,37,23,32,41,15,46,3,11,29,8,36,59,86,75,96,38,76,8,81,78,76,15,90,33,28,59,25,24,53,53,63,63,40,38,30,60,54,61,80,30,80,62,66,44,39,18,83,2,48,87,55,37,82,40,94,8,63,33,91,84,97,31,59,76,42,91,42,45,62,65,79,4,56,1,66,77,13,59,75,81,85,96,37,96,92,56,75,32,17,37,85,37,0,5,46,30,23,31,53,66,6,96,49,80
87,1,28,26,34,60,80,21,76,26,78,33,50,47,69,94,52,42,76,6,62,99,27,2,94,17,63,94,84,49,66,60,2,33,21,54,28,75,39,99,60,66,9,30,24,11,25,7,21,95,76,40,69,3,63,89,20,53,3,87,9,90,30,4,76,92,49,89,23,60,19,79,92,46,82,26,3,99,3,56,69,64,53,99,4,7,92,72,86,26,31,11,78,70,2,97,18,8,92,66,86,4,63,34,22,78,97,40,8,42,10,10,32,39,77,4,29,70,40,1,99,23,80,45,80,1,41,40,40,69,16,13,57,77,74,56,45,32,5,0,25,42,98,84,72,7,22,68,44,4
84,74,86,23,64,82,17,98,87,45,23,21,19,51,5,69,13,95,75,32,56,38,98,92,29,84,63,73,94,19,56,40,22,77,52,74,46,83,38,70,71,65,86,5,22,60,16,80,58,67,6,97,40,94,11,19,36,78,79,91,16,20,63,6,80,50,16,30,43,12,56,25,80,58,92,49,17,38,38,70,90,37,7,19,98,41,89,55,1,42,34,11,51,4,60,44,54,88,42,6,11,41,77,74,14,84,55,85,58,96,20,51,23,41,51,56,85,94,91,68,11,88,10,76,47,90,24,30,2,50,49,35,56,26,68,41,66,96,46,25,0,10,18,3,87,66,11,75,84,27
24,45,75,23,43,62,64,25,25,67,38,70,10,94,65,73,65,86,82,91,42,36,53,13,50,39,47,81,46,76,4,44,79,95,57,87,51,26,31,93,45,36,52,26,23,34,70,19,10,42,65,12,37,27,87,39,8,85,21,95,97,93,86,46,5,70,71,16,1,1,1,26,97,18,16,40,8,36,85,66,26,19,54,77,84,5,19,63,93,81,98,36,87,15,87,94,27,28,81,69,83,89,60,99,34,56,11,63,33,80,71,50,36,6,42,45,71,58,49,12,95,36,87,78,41,23,6,31,51,69,49,53,94,38,14,88,56,52,30,42,10,0,83,62,63,47,1,54,84,82
17,9,25,74,46,96,71,41,60,33,45,36,72,50,42,36,87,36,57,41,17,93,2,99,18,85,7,87,87,78,15,20,40,48,32,44,96,12,60,40,56,17,95,80,9,34,4,52,56,23,2,19,50,57,64,44,48,33,10,46,95,69,34,83,70,38,87,81,82,29,90,9,35,43,75,89,21,18,88,19,52,83,2,6,56,57,4,81,30,31,64,71,91,15,53,34,29,30,38,93,16,5,3,92,99,68,53,2,28,31,39,37,36,1,51,2,72,50,9,22,72,73,30,67,26,51,92,6,19,86,24,54,32,72,40,56,70,50,23,98,18,83,0,39,31,26,54,24,45,85
1,26,92,63,12,73,79,3,89,58,32,45,26,67,72,13,43,2,16,39,13,61,44,45,45,51,75,94,77,15,55,43,4,93,32,70,23,27,3,50,94,5,35,61,51,44,47,75,5,97,87,86,72,75,63,85,29,6,92,73,52,12,74,69,78,86,94,92,45,4,4,59,48,4,34,20,36,11,85,72,38,17,4,29,74,56,86,24,95,51,64,29,99,26,50,54,33,47,73,37,8,73,67,5,90,84,2,22,11,30,89,51,40,13,17,37,71,69,73,28,94,18,62,43,23,84,51,66,99,40,74,35,75,26,12,84,62,51,31,84,3,62,39,0,27,9,83,26,46,78
48,78,25,14,76,9,9,76,79,22,88,34,6,68,68,57,20,53,29,39,64,29,52,18,64,75,86,63,68,81,62,72,4,54,35,91,28,73,97,62,68,48,59,54,66,12,92,28,29,68,98,76,97,90,98,81,82,24,2,81,35,65,63,38,75,4,75,58,10,46,87,96,30,33,54,53,30,37,47,98,11,60,31,55,25,23,69,59,68,26,85,91,20,33,87,62,92,29,57,34,86,45,15,31,25,92,86,5,43,92,80,17,53,52,31,82,14,66,96,44,21,47,2,89,3,37,87,97,73,95,64,3,1,78,75,47,55,40,53,72,87,63,31,27,0,14,18,51,52,76
65,16,92,21,41,16,95,63,19,39,62,67,69,41,33,23,85,95,92,89,44,23,11,34,30,5,29,37,99,19,69,79,53,28,44,65,77,35,90,60,69,73,57,72,81,2,70,93,79,9,88,65,96,41,89,53,33,3,23,68,68,91,87,10,71,89,78,76,36,23,2,8,51,90,76,34,56,50,28,91,81,24,21,35,78,13,17,17,69,28,21,89,73,25,60,70,19,68,75,58,20,84,69,18,19,87,81,38,62,75,85,63,41,62,97,79,82,99,25,14,35,31,76,53,3,65,18,27,90,74,33,51,48,1,46,25,54,53,66,7,66,47,26,9,14,0,84,55,11,80
24,63,83,45,25,16,47,41,3,16,68,66,70,92,66,14,76,78,34,16,29,13,54,6,53,57,72,97,66,44,2,72,81,10,37,32,35,46,11,36,60,15,47,61,7,80,78,87,82,80,98,41,55,88,86,42,57,17,11,93,95,50,23,85,22,75,74,20,56,86,93,6,15,66,10,89,46,28,62,42,74,32,41,34,54,43,31,42,20,71,44,81,59,32,48,46,39,55,79,87,6,25,11,38,22,93,1,8,5,56,38,84,10,18,18,6,46,55,78,8,35,38,48,76,90,40,39,75,62,27,36,79,58,98,28,53,3,5,6,22,11,1,54,83,18,84,0,10,79,44
8,73,53,43,75,14,97,50,43,44,40,2,81,47,84,86,7,14,98,62,97,98,19,27,32,41,79,77,89,11,93,73,93,84,10,65,44,18,4,2,66,45,72,76,97,79,14,53,25,96,27,84,93,6,63,16,84,4,21,94,14,35,94,20,58,50,16,19,76,67,9,12,24,82,45,39,9,90,74,3,23,44,99,55,49,93,14,58,89,32,4,65,1,12,6,69,54,17,6,86,28,65,91,95,51,96,21,91,2,81,39,69,29,11,29,92,15,52,11,54,65,37,8,96,60,20,15,85,36,59,24,4,15,17,74,31,50,25,96,68,75,54,24,26,51,55,10,0,34,63
46,48,99,80,86,81,57,36,4,69,1,9,93,14,49,60,4,41,32,73,60,84,76,3,97,9,29,99,74,12,51,17,6,65,21,51,55,45,6,28,76,54,52,41,73,57,69,27,52,36,48,50,48,10,11,97,50,2,94,31,37,8,63,7,46,91,54,43,75,50,77,62,32,27,75,59,30,55,4,52,58,64,47,54,69,28,41,60,45,30,47,83,3,99,5,47,14,86,13,77,84,53,64,75,31,18,56,45,47,24,75,14,65,81,98,25,87,62,4,72,16,69,89,48,7,65,13,59,29,81,7,28,20,99,81,82,94,70,49,44,84,84,45,46,52,11,79,34,0,27
37,27,81,4,89,99,49,50,8,55,54,92,2,50,68,4,57,67,92,88,58,18,22,78,83,78,90,38,24,19,32,18,94,73,20,75,89,45,6,68,20,58,20,58,71,35,47,93,74,71,41,93,52,21,89,58,41,4,70,24,48,37,72,27,6,45,53,70,89,96,24,69,62,21,46,22,11,59,50,28,33,55,36,52,5,88,36,26,5,49,87,53,27,71,51,92,25,65,59,61,23,13,21,66,59,85,3,61,29,52,55,56,55,70,54,57,97,35,64,67,15,22,98,97,55,45,26,18,71,77,40,60,7,30,75,35,94,29,80,4,27,82,85,78,76,80,44,63,27,0
